representation,state_fips,state_name,experiment_id,representation_type,feature_dim,test_n,test_r2,test_rmse,test_mae,selected_alpha,validation_rmse,split_path
alphaearth,17,Illinois,frozen_alphaearth_ridge_mean_std_preencoded_global_pool,frozen_embedding,128,258,0.49826387787375204,15.58092999303157,13.257281279069767,10.0,10.728615184277498,outputs/cohort_covered/loso_state_tabular.csv
alphaearth,18,Indiana,frozen_alphaearth_ridge_mean_std_preencoded_global_pool,frozen_embedding,128,198,0.6184804312532748,10.601729618951143,8.424837929292929,10.0,14.490072084920177,outputs/cohort_covered/loso_state_tabular.csv
alphaearth,19,Iowa,frozen_alphaearth_ridge_mean_std_preencoded_global_pool,frozen_embedding,128,292,0.47774534712819094,14.798590277195325,10.777078698630136,0.01,24.916310091309477,outputs/cohort_covered/loso_state_tabular.csv
alphaearth,20,Kansas,frozen_alphaearth_ridge_mean_std_preencoded_global_pool,frozen_embedding,128,192,0.21203690429701283,32.32056505985873,28.093742135416665,100.0,19.39853022149953,outputs/cohort_covered/loso_state_tabular.csv
alphaearth,21,Kentucky,frozen_alphaearth_ridge_mean_std_preencoded_global_pool,frozen_embedding,128,66,-1.9953611742187327,25.20605617460183,20.391376515151514,0.01,20.639501339110122,outputs/cohort_covered/loso_state_tabular.csv
alphaearth,26,Michigan,frozen_alphaearth_ridge_mean_std_preencoded_global_pool,frozen_embedding,128,66,-0.4946966466367406,22.4644238437837,17.699618787878787,1.0,17.308306089653126,outputs/cohort_covered/loso_state_tabular.csv
alphaearth,27,Minnesota,frozen_alphaearth_ridge_mean_std_preencoded_global_pool,frozen_embedding,128,154,0.6061390717728778,19.208770960279345,13.457711785714286,100.0,12.269616547392591,outputs/cohort_covered/loso_state_tabular.csv
alphaearth,29,Missouri,frozen_alphaearth_ridge_mean_std_preencoded_global_pool,frozen_embedding,128,116,0.5882817691518303,12.970780298253453,9.630936198275858,10.0,29.373694847626847,outputs/cohort_covered/loso_state_tabular.csv
alphaearth,31,Nebraska,frozen_alphaearth_ridge_mean_std_preencoded_global_pool,frozen_embedding,128,216,0.12782553001634533,29.094947761005646,21.86769234259259,10.0,20.141971369438156,outputs/cohort_covered/loso_state_tabular.csv
alphaearth,38,North Dakota,frozen_alphaearth_ridge_mean_std_preencoded_global_pool,frozen_embedding,128,88,0.7454184185950389,18.954412729980703,15.274677375,100.0,13.625478483287923,outputs/cohort_covered/loso_state_tabular.csv
alphaearth,39,Ohio,frozen_alphaearth_ridge_mean_std_preencoded_global_pool,frozen_embedding,128,177,0.31727198195679907,13.397337757315988,10.115678395480225,100.0,27.701353009045324,outputs/cohort_covered/loso_state_tabular.csv
alphaearth,46,South Dakota,frozen_alphaearth_ridge_mean_std_preencoded_global_pool,frozen_embedding,128,110,0.5158239710013046,26.71862302694708,16.063485063636364,100.0,18.32775599997339,outputs/cohort_covered/loso_state_tabular.csv
alphaearth,55,Wisconsin,frozen_alphaearth_ridge_mean_std_preencoded_global_pool,frozen_embedding,128,143,0.21723256761122078,18.401704246972784,13.696680342657341,10.0,15.709824179346263,outputs/cohort_covered/loso_state_tabular.csv
clay,17,Illinois,frozen_clay_v1_5_cls_ridge_mean_std_joint,frozen_embedding,2048,258,0.6159360665638522,13.631933365440988,10.832791860465118,100.0,14.909386729851207,outputs/cohort_covered/loso_state_tabular.csv
clay,18,Indiana,frozen_clay_v1_5_cls_ridge_mean_std_joint,frozen_embedding,2048,198,0.3311947470648078,14.036801308253633,10.75922797979798,100.0,13.473660152236704,outputs/cohort_covered/loso_state_tabular.csv
clay,19,Iowa,frozen_clay_v1_5_cls_ridge_mean_std_joint,frozen_embedding,2048,292,0.5712788024457685,13.408082263262944,10.76766167808219,100.0,25.089153426014605,outputs/cohort_covered/loso_state_tabular.csv
clay,20,Kansas,frozen_clay_v1_5_cls_ridge_mean_std_joint,frozen_embedding,2048,192,0.5377351782028337,24.755484389118234,18.150011239583336,100.0,20.24688628935306,outputs/cohort_covered/loso_state_tabular.csv
clay,21,Kentucky,frozen_clay_v1_5_cls_ridge_mean_std_joint,frozen_embedding,2048,66,-0.4651115381704478,17.628511609506518,14.019148787878787,100.0,19.048479503400504,outputs/cohort_covered/loso_state_tabular.csv
clay,26,Michigan,frozen_clay_v1_5_cls_ridge_mean_std_joint,frozen_embedding,2048,66,-0.10722879712943456,19.33470012419431,13.701121681818181,100.0,21.122072567718863,outputs/cohort_covered/loso_state_tabular.csv
clay,27,Minnesota,frozen_clay_v1_5_cls_ridge_mean_std_joint,frozen_embedding,2048,154,0.5156995115277994,21.300293204923136,13.763720753246751,100.0,16.65766094061224,outputs/cohort_covered/loso_state_tabular.csv
clay,29,Missouri,frozen_clay_v1_5_cls_ridge_mean_std_joint,frozen_embedding,2048,116,0.3370568854871082,16.45902808871359,12.90572974137931,100.0,21.080318354735653,outputs/cohort_covered/loso_state_tabular.csv
clay,31,Nebraska,frozen_clay_v1_5_cls_ridge_mean_std_joint,frozen_embedding,2048,216,0.3824479774640206,24.482325683823,19.782800962962963,10.0,24.039171027396936,outputs/cohort_covered/loso_state_tabular.csv
clay,38,North Dakota,frozen_clay_v1_5_cls_ridge_mean_std_joint,frozen_embedding,2048,88,0.5921254809826264,23.991650737302383,19.199561034090912,100.0,15.9376497603615,outputs/cohort_covered/loso_state_tabular.csv
clay,39,Ohio,frozen_clay_v1_5_cls_ridge_mean_std_joint,frozen_embedding,2048,177,0.037012771316964455,15.911272263375434,12.164426271186441,100.0,18.86358251677707,outputs/cohort_covered/loso_state_tabular.csv
clay,46,South Dakota,frozen_clay_v1_5_cls_ridge_mean_std_joint,frozen_embedding,2048,110,0.7508898921956861,19.16496830147785,14.093775263636367,100.0,17.14760182192059,outputs/cohort_covered/loso_state_tabular.csv
clay,55,Wisconsin,frozen_clay_v1_5_cls_ridge_mean_std_joint,frozen_embedding,2048,143,0.27565695713515626,17.701652826645983,13.562198363636366,100.0,13.77267312123188,outputs/cohort_covered/loso_state_tabular.csv
presto,17,Illinois,frozen_presto_s2_ridge_mean_std_preencoded_global_pool,frozen_embedding,256,258,0.5295526247609079,15.08728925349723,12.019356589147288,100.0,13.898786381249437,outputs/cohort_covered/loso_state_tabular.csv
presto,18,Indiana,frozen_presto_s2_ridge_mean_std_preencoded_global_pool,frozen_embedding,256,198,0.34106516863858605,13.93283670851742,11.164192595959596,1.0,14.775813718254721,outputs/cohort_covered/loso_state_tabular.csv
presto,19,Iowa,frozen_presto_s2_ridge_mean_std_preencoded_global_pool,frozen_embedding,256,292,0.4501851085675249,15.184043399862958,11.799143082191783,0.01,24.14754803474345,outputs/cohort_covered/loso_state_tabular.csv
presto,20,Kansas,frozen_presto_s2_ridge_mean_std_preencoded_global_pool,frozen_embedding,256,192,0.5766947397103442,23.689333321212946,18.502763296875,0.1,15.489267341773411,outputs/cohort_covered/loso_state_tabular.csv
presto,21,Kentucky,frozen_presto_s2_ridge_mean_std_preencoded_global_pool,frozen_embedding,256,66,-0.2170854579163879,16.067223629601152,12.937695,1.0,17.011074330696857,outputs/cohort_covered/loso_state_tabular.csv
presto,26,Michigan,frozen_presto_s2_ridge_mean_std_preencoded_global_pool,frozen_embedding,256,66,-0.8231938988493002,24.81048099049237,20.149998636363637,0.01,12.860053679642311,outputs/cohort_covered/loso_state_tabular.csv
presto,27,Minnesota,frozen_presto_s2_ridge_mean_std_preencoded_global_pool,frozen_embedding,256,154,0.7261180242292677,16.018057717937598,12.3238497987013,100.0,14.57769335351349,outputs/cohort_covered/loso_state_tabular.csv
presto,29,Missouri,frozen_presto_s2_ridge_mean_std_preencoded_global_pool,frozen_embedding,256,116,0.48176898987627825,14.552169770631462,11.58895025862069,100.0,21.1988410672975,outputs/cohort_covered/loso_state_tabular.csv
presto,31,Nebraska,frozen_presto_s2_ridge_mean_std_preencoded_global_pool,frozen_embedding,256,216,0.1647000530590993,28.473255400310837,21.074808236111114,0.1,23.177164015484333,outputs/cohort_covered/loso_state_tabular.csv
presto,38,North Dakota,frozen_presto_s2_ridge_mean_std_preencoded_global_pool,frozen_embedding,256,88,0.5593085640508162,24.938145161447533,21.124351375,100.0,15.361468532806406,outputs/cohort_covered/loso_state_tabular.csv
presto,39,Ohio,frozen_presto_s2_ridge_mean_std_preencoded_global_pool,frozen_embedding,256,177,0.046511421607160486,15.83260551357792,12.555557683615818,0.01,20.88829264323241,outputs/cohort_covered/loso_state_tabular.csv
presto,46,South Dakota,frozen_presto_s2_ridge_mean_std_preencoded_global_pool,frozen_embedding,256,110,0.6731158270656543,21.95378350577773,17.63831688181818,10.0,14.169497947420538,outputs/cohort_covered/loso_state_tabular.csv
presto,55,Wisconsin,frozen_presto_s2_ridge_mean_std_preencoded_global_pool,frozen_embedding,256,143,0.4974831723385692,14.744056180292437,11.3015234965035,100.0,15.350991132427776,outputs/cohort_covered/loso_state_tabular.csv
prithvi,17,Illinois,frozen_prithvi_eo_v2_300_tl_per_timestep_spatial_mean_ridge_mean_std_joint,frozen_embedding,2048,258,0.556730908343275,14.645001371880504,11.096716375968992,100.0,14.51437133604336,outputs/cohort_covered/loso_state_tabular.csv
prithvi,18,Indiana,frozen_prithvi_eo_v2_300_tl_per_timestep_spatial_mean_ridge_mean_std_joint,frozen_embedding,2048,198,0.36480855470866114,13.679512952049421,10.531468686868688,100.0,12.6581617000879,outputs/cohort_covered/loso_state_tabular.csv
prithvi,19,Iowa,frozen_prithvi_eo_v2_300_tl_per_timestep_spatial_mean_ridge_mean_std_joint,frozen_embedding,2048,292,0.6224319647353651,12.582785617734714,9.906844897260275,100.0,24.114818719782647,outputs/cohort_covered/loso_state_tabular.csv
prithvi,20,Kansas,frozen_prithvi_eo_v2_300_tl_per_timestep_spatial_mean_ridge_mean_std_joint,frozen_embedding,2048,192,0.5472250395150114,24.500063316103933,18.379302614583334,100.0,18.40199917588505,outputs/cohort_covered/loso_state_tabular.csv
prithvi,21,Kentucky,frozen_prithvi_eo_v2_300_tl_per_timestep_spatial_mean_ridge_mean_std_joint,frozen_embedding,2048,66,-0.23251220204916545,16.16873024664893,12.48967212121212,100.0,20.69178591179242,outputs/cohort_covered/loso_state_tabular.csv
prithvi,26,Michigan,frozen_prithvi_eo_v2_300_tl_per_timestep_spatial_mean_ridge_mean_std_joint,frozen_embedding,2048,66,-0.24177864494158952,20.475798539243133,13.571423484848486,100.0,16.826126339252596,outputs/cohort_covered/loso_state_tabular.csv
prithvi,27,Minnesota,frozen_prithvi_eo_v2_300_tl_per_timestep_spatial_mean_ridge_mean_std_joint,frozen_embedding,2048,154,0.7102296816247164,16.476124959603567,11.352378753246754,100.0,16.11437232133514,outputs/cohort_covered/loso_state_tabular.csv
prithvi,29,Missouri,frozen_prithvi_eo_v2_300_tl_per_timestep_spatial_mean_ridge_mean_std_joint,frozen_embedding,2048,116,0.37813340832854714,15.940967165633928,12.418880689655172,100.0,18.796263081510254,outputs/cohort_covered/loso_state_tabular.csv
prithvi,31,Nebraska,frozen_prithvi_eo_v2_300_tl_per_timestep_spatial_mean_ridge_mean_std_joint,frozen_embedding,2048,216,0.6342567091630442,18.841005696577238,14.89449487962963,100.0,26.33958194387781,outputs/cohort_covered/loso_state_tabular.csv
prithvi,38,North Dakota,frozen_prithvi_eo_v2_300_tl_per_timestep_spatial_mean_ridge_mean_std_joint,frozen_embedding,2048,88,0.47276788185167407,27.277073416653604,21.53702073863636,100.0,14.530932432311161,outputs/cohort_covered/loso_state_tabular.csv
prithvi,39,Ohio,frozen_prithvi_eo_v2_300_tl_per_timestep_spatial_mean_ridge_mean_std_joint,frozen_embedding,2048,177,0.11129200061645905,15.28530778481167,11.50988559322034,100.0,19.91554773601515,outputs/cohort_covered/loso_state_tabular.csv
prithvi,46,South Dakota,frozen_prithvi_eo_v2_300_tl_per_timestep_spatial_mean_ridge_mean_std_joint,frozen_embedding,2048,110,0.7269182711597775,20.06590502161044,16.479879454545454,100.0,16.77301975372885,outputs/cohort_covered/loso_state_tabular.csv
prithvi,55,Wisconsin,frozen_prithvi_eo_v2_300_tl_per_timestep_spatial_mean_ridge_mean_std_joint,frozen_embedding,2048,143,0.37876829510437837,16.393378956932604,13.036723146853145,100.0,14.46417008623785,outputs/cohort_covered/loso_state_tabular.csv
sentinel2_indices,17,Illinois,handcrafted_sentinel2_indices_ridge_preaggregated_preaggregated_21d,handcrafted_baseline,21,258,0.43558481803553795,16.525516243618632,13.148729589147287,0.01,12.869288044586543,outputs/cohort_covered/loso_state_tabular.csv
sentinel2_indices,18,Indiana,handcrafted_sentinel2_indices_ridge_preaggregated_preaggregated_21d,handcrafted_baseline,21,198,0.3752233956357105,13.5669021890464,10.80384964646465,100.0,14.480379941228309,outputs/cohort_covered/loso_state_tabular.csv
sentinel2_indices,19,Iowa,handcrafted_sentinel2_indices_ridge_preaggregated_preaggregated_21d,handcrafted_baseline,21,292,0.5093942314237412,14.34318210738037,11.178591335616439,1.0,22.4467061978944,outputs/cohort_covered/loso_state_tabular.csv
sentinel2_indices,20,Kansas,handcrafted_sentinel2_indices_ridge_preaggregated_preaggregated_21d,handcrafted_baseline,21,192,0.6096922378050103,22.747286640093876,16.607295479166666,1.0,17.149292348480664,outputs/cohort_covered/loso_state_tabular.csv
sentinel2_indices,21,Kentucky,handcrafted_sentinel2_indices_ridge_preaggregated_preaggregated_21d,handcrafted_baseline,21,66,-0.4496010772094299,17.53495086354345,13.075086212121214,10.0,18.229952480699655,outputs/cohort_covered/loso_state_tabular.csv
sentinel2_indices,26,Michigan,handcrafted_sentinel2_indices_ridge_preaggregated_preaggregated_21d,handcrafted_baseline,21,66,0.01904996959044869,18.198776729250415,13.359490121212119,0.01,13.698042789898704,outputs/cohort_covered/loso_state_tabular.csv
sentinel2_indices,27,Minnesota,handcrafted_sentinel2_indices_ridge_preaggregated_preaggregated_21d,handcrafted_baseline,21,154,0.7921413795508676,13.954431508846156,11.252833993506492,0.1,16.884346820910675,outputs/cohort_covered/loso_state_tabular.csv
sentinel2_indices,29,Missouri,handcrafted_sentinel2_indices_ridge_preaggregated_preaggregated_21d,handcrafted_baseline,21,116,0.2793161829439784,17.160835935436957,13.46478775862069,1.0,16.49519638211345,outputs/cohort_covered/loso_state_tabular.csv
sentinel2_indices,31,Nebraska,handcrafted_sentinel2_indices_ridge_preaggregated_preaggregated_21d,handcrafted_baseline,21,216,0.7124379502369587,16.706354093118318,13.736420805555554,10.0,31.061309163831602,outputs/cohort_covered/loso_state_tabular.csv
sentinel2_indices,38,North Dakota,handcrafted_sentinel2_indices_ridge_preaggregated_preaggregated_21d,handcrafted_baseline,21,88,0.31249674375641523,31.148290963136265,27.06782475,1.0,13.246294324128426,outputs/cohort_covered/loso_state_tabular.csv
sentinel2_indices,39,Ohio,handcrafted_sentinel2_indices_ridge_preaggregated_preaggregated_21d,handcrafted_baseline,21,177,0.22721214214114194,14.253607264121596,11.415767141242938,0.01,20.435053444043625,outputs/cohort_covered/loso_state_tabular.csv
sentinel2_indices,46,South Dakota,handcrafted_sentinel2_indices_ridge_preaggregated_preaggregated_21d,handcrafted_baseline,21,110,0.6979082975091242,21.10482856908477,17.577780445454543,0.01,15.456020008683096,outputs/cohort_covered/loso_state_tabular.csv
sentinel2_indices,55,Wisconsin,handcrafted_sentinel2_indices_ridge_preaggregated_preaggregated_21d,handcrafted_baseline,21,143,0.20800947148974647,18.509797444805827,13.65902290909091,10.0,16.3423525950738,outputs/cohort_covered/loso_state_tabular.csv
terramind_s2_10,17,Illinois,frozen_terramind_v1_base_s2_10_zero_pad_ridge_mean_std_joint,frozen_embedding,1536,258,0.6742420570393988,12.55460920658411,9.966498992248061,100.0,13.47582022840382,outputs/cohort_covered/loso_state_tabular.csv
terramind_s2_10,18,Indiana,frozen_terramind_v1_base_s2_10_zero_pad_ridge_mean_std_joint,frozen_embedding,1536,198,0.43106187438725874,12.946454029442608,9.896504040404041,100.0,13.819484767204015,outputs/cohort_covered/loso_state_tabular.csv
terramind_s2_10,19,Iowa,frozen_terramind_v1_base_s2_10_zero_pad_ridge_mean_std_joint,frozen_embedding,1536,292,0.5567846717344221,13.632847390129093,10.754892226027396,100.0,25.393330395281943,outputs/cohort_covered/loso_state_tabular.csv
terramind_s2_10,20,Kansas,frozen_terramind_v1_base_s2_10_zero_pad_ridge_mean_std_joint,frozen_embedding,1536,192,0.48930470409719784,26.019978586117404,19.078015942708333,100.0,18.796387564648587,outputs/cohort_covered/loso_state_tabular.csv
terramind_s2_10,21,Kentucky,frozen_terramind_v1_base_s2_10_zero_pad_ridge_mean_std_joint,frozen_embedding,1536,66,-0.38793184053833274,17.157909437850574,12.941601212121213,100.0,22.061796245334182,outputs/cohort_covered/loso_state_tabular.csv
terramind_s2_10,26,Michigan,frozen_terramind_v1_base_s2_10_zero_pad_ridge_mean_std_joint,frozen_embedding,1536,66,-0.41807799691433,21.881083007723877,14.586508424242425,100.0,15.608815133695435,outputs/cohort_covered/loso_state_tabular.csv
terramind_s2_10,27,Minnesota,frozen_terramind_v1_base_s2_10_zero_pad_ridge_mean_std_joint,frozen_embedding,1536,154,0.7282586277176164,15.95533805415177,12.404619103896104,100.0,16.712830989662198,outputs/cohort_covered/loso_state_tabular.csv
terramind_s2_10,29,Missouri,frozen_terramind_v1_base_s2_10_zero_pad_ridge_mean_std_joint,frozen_embedding,1536,116,0.36383116211764865,16.12323745674745,12.455036336206899,100.0,21.23877240535708,outputs/cohort_covered/loso_state_tabular.csv
terramind_s2_10,31,Nebraska,frozen_terramind_v1_base_s2_10_zero_pad_ridge_mean_std_joint,frozen_embedding,1536,216,0.5408225135528548,21.110872847379515,16.947197412037035,100.0,25.03357453932333,outputs/cohort_covered/loso_state_tabular.csv
terramind_s2_10,38,North Dakota,frozen_terramind_v1_base_s2_10_zero_pad_ridge_mean_std_joint,frozen_embedding,1536,88,0.5615886561951414,24.873547799546753,19.887689215909095,100.0,15.152572267935202,outputs/cohort_covered/loso_state_tabular.csv
terramind_s2_10,39,Ohio,frozen_terramind_v1_base_s2_10_zero_pad_ridge_mean_std_joint,frozen_embedding,1536,177,0.07052670622594515,15.631947988338583,12.362271016949153,100.0,18.93765477946435,outputs/cohort_covered/loso_state_tabular.csv
terramind_s2_10,46,South Dakota,frozen_terramind_v1_base_s2_10_zero_pad_ridge_mean_std_joint,frozen_embedding,1536,110,0.7544983948004431,19.025654177987086,14.91206632727273,100.0,17.262039096233707,outputs/cohort_covered/loso_state_tabular.csv
terramind_s2_10,55,Wisconsin,frozen_terramind_v1_base_s2_10_zero_pad_ridge_mean_std_joint,frozen_embedding,1536,143,0.3285497419180142,17.043100103525088,13.408630559440557,100.0,12.813602510502607,outputs/cohort_covered/loso_state_tabular.csv
terramind_s2_6,17,Illinois,frozen_terramind_v1_base_s2_6_prithvi_ridge_mean_std_joint,frozen_embedding,1536,258,0.6338508064840939,13.310204642725367,10.296398620155037,100.0,13.403302658340538,outputs/cohort_covered/loso_state_tabular.csv
terramind_s2_6,18,Indiana,frozen_terramind_v1_base_s2_6_prithvi_ridge_mean_std_joint,frozen_embedding,1536,198,0.38877121597180664,13.419001878467684,10.556406565656564,100.0,12.175629154717129,outputs/cohort_covered/loso_state_tabular.csv
terramind_s2_6,19,Iowa,frozen_terramind_v1_base_s2_6_prithvi_ridge_mean_std_joint,frozen_embedding,1536,292,0.6398663124290309,12.28884485224038,9.591238082191781,100.0,24.216229570008476,outputs/cohort_covered/loso_state_tabular.csv
terramind_s2_6,20,Kansas,frozen_terramind_v1_base_s2_6_prithvi_ridge_mean_std_joint,frozen_embedding,1536,192,0.5323290427157753,24.899819931947615,17.859858671875,100.0,16.30043355695813,outputs/cohort_covered/loso_state_tabular.csv
terramind_s2_6,21,Kentucky,frozen_terramind_v1_base_s2_6_prithvi_ridge_mean_std_joint,frozen_embedding,1536,66,-0.07457862759813794,15.097304031089006,12.625893939393938,100.0,18.10435542302224,outputs/cohort_covered/loso_state_tabular.csv
terramind_s2_6,26,Michigan,frozen_terramind_v1_base_s2_6_prithvi_ridge_mean_std_joint,frozen_embedding,1536,66,-0.02085991482554639,18.56529395147994,13.795001212121212,100.0,16.00675946252823,outputs/cohort_covered/loso_state_tabular.csv
terramind_s2_6,27,Minnesota,frozen_terramind_v1_base_s2_6_prithvi_ridge_mean_std_joint,frozen_embedding,1536,154,0.7326104789707057,15.827062588168786,12.134332766233767,100.0,15.869788677068636,outputs/cohort_covered/loso_state_tabular.csv
terramind_s2_6,29,Missouri,frozen_terramind_v1_base_s2_6_prithvi_ridge_mean_std_joint,frozen_embedding,1536,116,0.4032874319461708,15.615239398196104,11.940147931034481,100.0,20.14040293462655,outputs/cohort_covered/loso_state_tabular.csv
terramind_s2_6,31,Nebraska,frozen_terramind_v1_base_s2_6_prithvi_ridge_mean_std_joint,frozen_embedding,1536,216,0.5857134091229321,20.05239888998903,15.241357569444446,100.0,22.749960004158854,outputs/cohort_covered/loso_state_tabular.csv
terramind_s2_6,38,North Dakota,frozen_terramind_v1_base_s2_6_prithvi_ridge_mean_std_joint,frozen_embedding,1536,88,0.6420939820358744,22.47405004280906,17.839547363636367,100.0,15.255226966379684,outputs/cohort_covered/loso_state_tabular.csv
terramind_s2_6,39,Ohio,frozen_terramind_v1_base_s2_6_prithvi_ridge_mean_std_joint,frozen_embedding,1536,177,0.07217551258465527,15.618076962775872,11.804008305084745,100.0,18.909876984705825,outputs/cohort_covered/loso_state_tabular.csv
terramind_s2_6,46,South Dakota,frozen_terramind_v1_base_s2_6_prithvi_ridge_mean_std_joint,frozen_embedding,1536,110,0.7596758285892459,18.823967192355315,15.194339872727276,100.0,15.871120785113758,outputs/cohort_covered/loso_state_tabular.csv
terramind_s2_6,55,Wisconsin,frozen_terramind_v1_base_s2_6_prithvi_ridge_mean_std_joint,frozen_embedding,1536,143,0.41929801752102747,15.849600742766382,12.572951188811189,100.0,13.544442657941026,outputs/cohort_covered/loso_state_tabular.csv
