family,representation,backbone,regressor,fold,validation_fold,seed,train_n,validation_n,test_n,selected_alpha,validation_rmse,test_r2,test_rmse,test_rmse_bu_per_acre,test_mae
climate_fusion,clay_daymet,clay_v1_5_cls_daymet_late_fusion,ridge,0,,0,1245,415,416,100.0,15.53214227561892,0.8671501415426849,13.030500862892454,13.030500862892454,9.927691356952373
climate_fusion,clay_daymet,clay_v1_5_cls_daymet_late_fusion,random_forest,0,,0,1245,415,416,,,0.832210045752916,14.64412877072679,14.64412877072679,11.041514862858167
climate_fusion,clay_daymet,clay_v1_5_cls_daymet_late_fusion,random_forest,0,,1,1245,415,416,,,0.8329373304501282,14.612356853962742,14.612356853962742,11.024849295748547
climate_fusion,clay_daymet,clay_v1_5_cls_daymet_late_fusion,random_forest,0,,2,1245,415,416,,,0.8298013097335379,14.748867300408747,14.748867300408747,11.137639868075752
climate_fusion,clay_daymet,clay_v1_5_cls_daymet_late_fusion,xgboost,0,,0,1245,415,416,,,0.8640605761413442,13.181149135202496,13.181149135202496,10.082756974146916
climate_fusion,clay_daymet,clay_v1_5_cls_daymet_late_fusion,xgboost,0,,1,1245,415,416,,,0.8630309681818292,13.23097211883003,13.23097211883003,10.110681887773366
climate_fusion,clay_daymet,clay_v1_5_cls_daymet_late_fusion,xgboost,0,,2,1245,415,416,,,0.8640555358440126,13.18139349512808,13.18139349512808,10.025461048346301
climate_fusion,clay_daymet,clay_v1_5_cls_daymet_late_fusion,ebm,0,,0,1245,415,416,,,0.8783291179893253,12.470213513381813,12.470213513381813,9.534064716752578
climate_fusion,clay_daymet,clay_v1_5_cls_daymet_late_fusion,ebm,0,,1,1245,415,416,,,0.8799727969861405,12.38569565669787,12.38569565669787,9.479331459965282
climate_fusion,clay_daymet,clay_v1_5_cls_daymet_late_fusion,ebm,0,,2,1245,415,416,,,0.8799627091541602,12.386216131175457,12.386216131175457,9.438502232399243
climate_fusion,clay_daymet,clay_v1_5_cls_daymet_late_fusion,ridge,1,,0,1246,415,415,100.0,12.358522574090683,0.831868651036878,14.682311714893018,14.682311714893018,10.149588582601892
climate_fusion,clay_daymet,clay_v1_5_cls_daymet_late_fusion,random_forest,1,,0,1246,415,415,,,0.822049393894565,15.104968615124555,15.104968615124555,11.309144563344951
climate_fusion,clay_daymet,clay_v1_5_cls_daymet_late_fusion,random_forest,1,,1,1246,415,415,,,0.8215243972275392,15.12723383263009,15.12723383263009,11.306618587491274
climate_fusion,clay_daymet,clay_v1_5_cls_daymet_late_fusion,random_forest,1,,2,1246,415,415,,,0.8208988597289132,15.153720296252809,15.153720296252809,11.347392946670691
climate_fusion,clay_daymet,clay_v1_5_cls_daymet_late_fusion,xgboost,1,,0,1246,415,415,,,0.852721035808543,13.74169965043271,13.74169965043271,10.42235143454678
climate_fusion,clay_daymet,clay_v1_5_cls_daymet_late_fusion,xgboost,1,,1,1246,415,415,,,0.8586653125101049,13.46153153563507,13.46153153563507,10.186454497187968
climate_fusion,clay_daymet,clay_v1_5_cls_daymet_late_fusion,xgboost,1,,2,1246,415,415,,,0.8559179423731709,13.591739506961524,13.591739506961524,10.2257105264319
climate_fusion,clay_daymet,clay_v1_5_cls_daymet_late_fusion,ebm,1,,0,1246,415,415,,,0.86775467739869,13.021477103934142,13.021477103934142,9.762824227533308
climate_fusion,clay_daymet,clay_v1_5_cls_daymet_late_fusion,ebm,1,,1,1246,415,415,,,0.869904793525282,12.915188191860103,12.915188191860103,9.598989757189612
climate_fusion,clay_daymet,clay_v1_5_cls_daymet_late_fusion,ebm,1,,2,1246,415,415,,,0.86969328731963,12.925682556575044,12.925682556575044,9.66011208598566
climate_fusion,clay_daymet,clay_v1_5_cls_daymet_late_fusion,ridge,2,,0,1246,415,415,100.0,13.724577314264751,0.8720446718346244,12.282653048112572,12.282653048112572,9.3883570328678
climate_fusion,clay_daymet,clay_v1_5_cls_daymet_late_fusion,random_forest,2,,0,1246,415,415,,,0.8659888243218246,12.569948707278,12.569948707278,9.553363020872485
climate_fusion,clay_daymet,clay_v1_5_cls_daymet_late_fusion,random_forest,2,,1,1246,415,415,,,0.864104058289749,12.658033497412259,12.658033497412259,9.622361350763242
climate_fusion,clay_daymet,clay_v1_5_cls_daymet_late_fusion,random_forest,2,,2,1246,415,415,,,0.8629288982650141,12.712645852707977,12.712645852707977,9.654221248952961
climate_fusion,clay_daymet,clay_v1_5_cls_daymet_late_fusion,xgboost,2,,0,1246,415,415,,,0.8909118707866035,11.341010273668765,11.341010273668765,8.572020690182606
climate_fusion,clay_daymet,clay_v1_5_cls_daymet_late_fusion,xgboost,2,,1,1246,415,415,,,0.8917317962015724,11.298309379380209,11.298309379380209,8.599929041115635
climate_fusion,clay_daymet,clay_v1_5_cls_daymet_late_fusion,xgboost,2,,2,1246,415,415,,,0.8901669410774767,11.379666550649134,11.379666550649134,8.546582531297062
climate_fusion,clay_daymet,clay_v1_5_cls_daymet_late_fusion,ebm,2,,0,1246,415,415,,,0.8869343881050814,11.545912598074267,11.545912598074267,8.854697646732044
climate_fusion,clay_daymet,clay_v1_5_cls_daymet_late_fusion,ebm,2,,1,1246,415,415,,,0.8876808231273765,11.507737663495462,11.507737663495462,8.8527253902538
climate_fusion,clay_daymet,clay_v1_5_cls_daymet_late_fusion,ebm,2,,2,1246,415,415,,,0.8893508805137946,11.421863823898397,11.421863823898397,8.825027131882269
climate_fusion,clay_daymet,clay_v1_5_cls_daymet_late_fusion,ridge,3,,0,1246,415,415,100.0,14.61476097913923,0.8555309460679297,12.987905994077058,12.987905994077058,9.80860823298075
climate_fusion,clay_daymet,clay_v1_5_cls_daymet_late_fusion,random_forest,3,,0,1246,415,415,,,0.8140865538083663,14.733540552937054,14.733540552937054,11.23837112311384
climate_fusion,clay_daymet,clay_v1_5_cls_daymet_late_fusion,random_forest,3,,1,1246,415,415,,,0.8156477637774866,14.671547607057336,14.671547607057336,11.237493276892678
climate_fusion,clay_daymet,clay_v1_5_cls_daymet_late_fusion,random_forest,3,,2,1246,415,415,,,0.8146679314092393,14.71048558380074,14.71048558380074,11.265620629057471
climate_fusion,clay_daymet,clay_v1_5_cls_daymet_late_fusion,xgboost,3,,0,1246,415,415,,,0.8540087685197477,13.056149314141502,13.056149314141502,9.975344429475717
climate_fusion,clay_daymet,clay_v1_5_cls_daymet_late_fusion,xgboost,3,,1,1246,415,415,,,0.856531365216333,12.942858553791897,12.942858553791897,9.832946617402227
climate_fusion,clay_daymet,clay_v1_5_cls_daymet_late_fusion,xgboost,3,,2,1246,415,415,,,0.8562492125926742,12.955579340408127,12.955579340408127,9.918271589164274
climate_fusion,clay_daymet,clay_v1_5_cls_daymet_late_fusion,ebm,3,,0,1246,415,415,,,0.8669833236158794,12.462488433383744,12.462488433383744,9.374761168425637
climate_fusion,clay_daymet,clay_v1_5_cls_daymet_late_fusion,ebm,3,,1,1246,415,415,,,0.8665338440048237,12.48352681154983,12.48352681154983,9.360468391911137
climate_fusion,clay_daymet,clay_v1_5_cls_daymet_late_fusion,ebm,3,,2,1246,415,415,,,0.8662081567301084,12.498748829811088,12.498748829811088,9.425243570992825
climate_fusion,clay_daymet,clay_v1_5_cls_daymet_late_fusion,ridge,4,,0,1245,416,415,100.0,12.950260604620144,0.7923832689647771,14.77944461035636,14.77944461035636,10.883112388518919
climate_fusion,clay_daymet,clay_v1_5_cls_daymet_late_fusion,random_forest,4,,0,1245,416,415,,,0.7238254573915498,17.045853891734705,17.045853891734705,12.389661797008213
climate_fusion,clay_daymet,clay_v1_5_cls_daymet_late_fusion,random_forest,4,,1,1245,416,415,,,0.7237247368021561,17.048961911626673,17.048961911626673,12.376954682205332
climate_fusion,clay_daymet,clay_v1_5_cls_daymet_late_fusion,random_forest,4,,2,1245,416,415,,,0.7249333627341725,17.011628849622742,17.011628849622742,12.325225704079504
climate_fusion,clay_daymet,clay_v1_5_cls_daymet_late_fusion,xgboost,4,,0,1245,416,415,,,0.7683503049326531,15.611434321828355,15.611434321828355,11.347273140413215
climate_fusion,clay_daymet,clay_v1_5_cls_daymet_late_fusion,xgboost,4,,1,1245,416,415,,,0.769639389312072,15.567936463053377,15.567936463053377,11.288111004197454
climate_fusion,clay_daymet,clay_v1_5_cls_daymet_late_fusion,xgboost,4,,2,1245,416,415,,,0.767327417947455,15.64586377285892,15.64586377285892,11.297547009939171
climate_fusion,clay_daymet,clay_v1_5_cls_daymet_late_fusion,ebm,4,,0,1245,416,415,,,0.7986557972670569,14.554473665876813,14.554473665876813,10.694693519069196
climate_fusion,clay_daymet,clay_v1_5_cls_daymet_late_fusion,ebm,4,,1,1245,416,415,,,0.7995894113265112,14.520690597988464,14.520690597988464,10.650148148918873
climate_fusion,clay_daymet,clay_v1_5_cls_daymet_late_fusion,ebm,4,,2,1245,416,415,,,0.8019836690116654,14.433692360223985,14.433692360223985,10.601220114811708
climate_fusion,prithvi_daymet,prithvi_eo_v2_300_tl_per_timestep_spatial_mean_daymet_late_fusion,ridge,0,,0,1245,415,416,100.0,16.163472741449127,0.8362592173307076,14.466350800958446,14.466350800958446,10.82411391551678
climate_fusion,prithvi_daymet,prithvi_eo_v2_300_tl_per_timestep_spatial_mean_daymet_late_fusion,random_forest,0,,0,1245,415,416,,,0.7805530561058639,16.747320429844837,16.747320429844837,12.267091315971243
climate_fusion,prithvi_daymet,prithvi_eo_v2_300_tl_per_timestep_spatial_mean_daymet_late_fusion,random_forest,0,,1,1245,415,416,,,0.781721753739272,16.70266571246675,16.70266571246675,12.187033410225139
climate_fusion,prithvi_daymet,prithvi_eo_v2_300_tl_per_timestep_spatial_mean_daymet_late_fusion,random_forest,0,,2,1245,415,416,,,0.7823033232044083,16.68040000487232,16.68040000487232,12.197936909562575
climate_fusion,prithvi_daymet,prithvi_eo_v2_300_tl_per_timestep_spatial_mean_daymet_late_fusion,xgboost,0,,0,1245,415,416,,,0.8447992891342793,14.084045335865497,14.084045335865497,10.447911779697126
climate_fusion,prithvi_daymet,prithvi_eo_v2_300_tl_per_timestep_spatial_mean_daymet_late_fusion,xgboost,0,,1,1245,415,416,,,0.8353991932965791,14.50429222054048,14.50429222054048,10.80663164945749
climate_fusion,prithvi_daymet,prithvi_eo_v2_300_tl_per_timestep_spatial_mean_daymet_late_fusion,xgboost,0,,2,1245,415,416,,,0.8359548900338436,14.479788081660654,14.479788081660654,10.748300148890568
climate_fusion,prithvi_daymet,prithvi_eo_v2_300_tl_per_timestep_spatial_mean_daymet_late_fusion,ebm,0,,0,1245,415,416,,,0.856412043371496,13.546888893727534,13.546888893727534,10.327587721244956
climate_fusion,prithvi_daymet,prithvi_eo_v2_300_tl_per_timestep_spatial_mean_daymet_late_fusion,ebm,0,,1,1245,415,416,,,0.8575468896187664,13.4932488344474,13.4932488344474,10.246825139296005
climate_fusion,prithvi_daymet,prithvi_eo_v2_300_tl_per_timestep_spatial_mean_daymet_late_fusion,ebm,0,,2,1245,415,416,,,0.8586415596550481,13.441304932705824,13.441304932705824,10.275534388186818
climate_fusion,prithvi_daymet,prithvi_eo_v2_300_tl_per_timestep_spatial_mean_daymet_late_fusion,ridge,1,,0,1246,415,415,100.0,13.552684580536104,0.8059645711985881,15.772865821117186,15.772865821117186,10.904199056970068
climate_fusion,prithvi_daymet,prithvi_eo_v2_300_tl_per_timestep_spatial_mean_daymet_late_fusion,random_forest,1,,0,1246,415,415,,,0.786811885598693,16.532996950740365,16.532996950740365,12.061829840873093
climate_fusion,prithvi_daymet,prithvi_eo_v2_300_tl_per_timestep_spatial_mean_daymet_late_fusion,random_forest,1,,1,1246,415,415,,,0.7879569964656898,16.488534796153004,16.488534796153004,12.020101920908186
climate_fusion,prithvi_daymet,prithvi_eo_v2_300_tl_per_timestep_spatial_mean_daymet_late_fusion,random_forest,1,,2,1246,415,415,,,0.7871818305941716,16.518645880547542,16.518645880547542,12.040435820098022
climate_fusion,prithvi_daymet,prithvi_eo_v2_300_tl_per_timestep_spatial_mean_daymet_late_fusion,xgboost,1,,0,1246,415,415,,,0.819399972821681,15.216998476123308,15.216998476123308,11.103448464267224
climate_fusion,prithvi_daymet,prithvi_eo_v2_300_tl_per_timestep_spatial_mean_daymet_late_fusion,xgboost,1,,1,1246,415,415,,,0.8325312874117092,14.65335031423589,14.65335031423589,10.823150682564242
climate_fusion,prithvi_daymet,prithvi_eo_v2_300_tl_per_timestep_spatial_mean_daymet_late_fusion,xgboost,1,,2,1246,415,415,,,0.8328292232894972,14.640309961264366,14.640309961264366,10.8966672708902
climate_fusion,prithvi_daymet,prithvi_eo_v2_300_tl_per_timestep_spatial_mean_daymet_late_fusion,ebm,1,,0,1246,415,415,,,0.8477591170286498,13.971265267217658,13.971265267217658,10.45379630269555
climate_fusion,prithvi_daymet,prithvi_eo_v2_300_tl_per_timestep_spatial_mean_daymet_late_fusion,ebm,1,,1,1246,415,415,,,0.8489763404276147,13.915300404527903,13.915300404527903,10.30081834257984
climate_fusion,prithvi_daymet,prithvi_eo_v2_300_tl_per_timestep_spatial_mean_daymet_late_fusion,ebm,1,,2,1246,415,415,,,0.8498020020561172,13.8772100946035,13.8772100946035,10.317896420722173
climate_fusion,prithvi_daymet,prithvi_eo_v2_300_tl_per_timestep_spatial_mean_daymet_late_fusion,ridge,2,,0,1246,415,415,100.0,13.423702112049911,0.8506558601458145,13.26957733422927,13.26957733422927,10.023772024131684
climate_fusion,prithvi_daymet,prithvi_eo_v2_300_tl_per_timestep_spatial_mean_daymet_late_fusion,random_forest,2,,0,1246,415,415,,,0.8341592056927847,13.98326800491427,13.98326800491427,10.536009939431386
climate_fusion,prithvi_daymet,prithvi_eo_v2_300_tl_per_timestep_spatial_mean_daymet_late_fusion,random_forest,2,,1,1246,415,415,,,0.8370613592031071,13.860376945719366,13.860376945719366,10.46902508393771
climate_fusion,prithvi_daymet,prithvi_eo_v2_300_tl_per_timestep_spatial_mean_daymet_late_fusion,random_forest,2,,2,1246,415,415,,,0.8363053790688518,13.892493464846837,13.892493464846837,10.503457792486419
climate_fusion,prithvi_daymet,prithvi_eo_v2_300_tl_per_timestep_spatial_mean_daymet_late_fusion,xgboost,2,,0,1246,415,415,,,0.8736533165106655,12.205200555411357,12.205200555411357,9.071821327669074
climate_fusion,prithvi_daymet,prithvi_eo_v2_300_tl_per_timestep_spatial_mean_daymet_late_fusion,xgboost,2,,1,1246,415,415,,,0.8704217143656583,12.360302846583808,12.360302846583808,9.235928548789886
climate_fusion,prithvi_daymet,prithvi_eo_v2_300_tl_per_timestep_spatial_mean_daymet_late_fusion,xgboost,2,,2,1246,415,415,,,0.8655180783777828,12.592006811800491,12.592006811800491,9.328635334796216
climate_fusion,prithvi_daymet,prithvi_eo_v2_300_tl_per_timestep_spatial_mean_daymet_late_fusion,ebm,2,,0,1246,415,415,,,0.8719607812804373,12.286678788004604,12.286678788004604,9.185910941308467
climate_fusion,prithvi_daymet,prithvi_eo_v2_300_tl_per_timestep_spatial_mean_daymet_late_fusion,ebm,2,,1,1246,415,415,,,0.8694743996049628,12.405402126026162,12.405402126026162,9.26626903252402
climate_fusion,prithvi_daymet,prithvi_eo_v2_300_tl_per_timestep_spatial_mean_daymet_late_fusion,ebm,2,,2,1246,415,415,,,0.8687525362313445,12.43965846444732,12.43965846444732,9.297953473040222
climate_fusion,prithvi_daymet,prithvi_eo_v2_300_tl_per_timestep_spatial_mean_daymet_late_fusion,ridge,3,,0,1246,415,415,100.0,16.29256758635136,0.8536088821711165,13.07401821456124,13.07401821456124,10.155800586378717
climate_fusion,prithvi_daymet,prithvi_eo_v2_300_tl_per_timestep_spatial_mean_daymet_late_fusion,random_forest,3,,0,1246,415,415,,,0.7517728408481972,17.02457859233445,17.02457859233445,12.93776638345033
climate_fusion,prithvi_daymet,prithvi_eo_v2_300_tl_per_timestep_spatial_mean_daymet_late_fusion,random_forest,3,,1,1246,415,415,,,0.7544604451343239,16.932163531688897,16.932163531688897,12.833750895695111
climate_fusion,prithvi_daymet,prithvi_eo_v2_300_tl_per_timestep_spatial_mean_daymet_late_fusion,random_forest,3,,2,1246,415,415,,,0.7531098871099924,16.97866624302851,16.97866624302851,12.948053316114935
climate_fusion,prithvi_daymet,prithvi_eo_v2_300_tl_per_timestep_spatial_mean_daymet_late_fusion,xgboost,3,,0,1246,415,415,,,0.8105975560721842,14.871148535420478,14.871148535420478,11.183083827007247
climate_fusion,prithvi_daymet,prithvi_eo_v2_300_tl_per_timestep_spatial_mean_daymet_late_fusion,xgboost,3,,1,1246,415,415,,,0.8274360985851794,14.194715667404754,14.194715667404754,10.730163291103867
climate_fusion,prithvi_daymet,prithvi_eo_v2_300_tl_per_timestep_spatial_mean_daymet_late_fusion,xgboost,3,,2,1246,415,415,,,0.8262459750220099,14.243579995685618,14.243579995685618,10.814353314135447
climate_fusion,prithvi_daymet,prithvi_eo_v2_300_tl_per_timestep_spatial_mean_daymet_late_fusion,ebm,3,,0,1246,415,415,,,0.8527290725102861,13.113246744039314,13.113246744039314,10.078013922937854
climate_fusion,prithvi_daymet,prithvi_eo_v2_300_tl_per_timestep_spatial_mean_daymet_late_fusion,ebm,3,,1,1246,415,415,,,0.8548580865440027,13.018116216250055,13.018116216250055,9.954990172228058
climate_fusion,prithvi_daymet,prithvi_eo_v2_300_tl_per_timestep_spatial_mean_daymet_late_fusion,ebm,3,,2,1246,415,415,,,0.8522176098347615,13.135997748859495,13.135997748859495,10.060942439786768
climate_fusion,prithvi_daymet,prithvi_eo_v2_300_tl_per_timestep_spatial_mean_daymet_late_fusion,ridge,4,,0,1245,416,415,100.0,14.93861462398079,0.7740083187444441,15.419602079967703,15.419602079967703,11.366475863169475
climate_fusion,prithvi_daymet,prithvi_eo_v2_300_tl_per_timestep_spatial_mean_daymet_late_fusion,random_forest,4,,0,1245,416,415,,,0.6868424828802477,18.151326149418264,18.151326149418264,13.006488519852525
climate_fusion,prithvi_daymet,prithvi_eo_v2_300_tl_per_timestep_spatial_mean_daymet_late_fusion,random_forest,4,,1,1245,416,415,,,0.6844878555769257,18.21943814864484,18.21943814864484,13.00325065440361
climate_fusion,prithvi_daymet,prithvi_eo_v2_300_tl_per_timestep_spatial_mean_daymet_late_fusion,random_forest,4,,2,1245,416,415,,,0.6835976068957359,18.245124014814916,18.245124014814916,13.026050207844362
climate_fusion,prithvi_daymet,prithvi_eo_v2_300_tl_per_timestep_spatial_mean_daymet_late_fusion,xgboost,4,,0,1245,416,415,,,0.7344449943200093,16.714915521735573,16.714915521735573,11.765236533291368
climate_fusion,prithvi_daymet,prithvi_eo_v2_300_tl_per_timestep_spatial_mean_daymet_late_fusion,xgboost,4,,1,1245,416,415,,,0.7404249289094631,16.52564544027916,16.52564544027916,11.771732306422956
climate_fusion,prithvi_daymet,prithvi_eo_v2_300_tl_per_timestep_spatial_mean_daymet_late_fusion,xgboost,4,,2,1245,416,415,,,0.7303084373166351,16.844596790882985,16.844596790882985,11.87866010550993
climate_fusion,prithvi_daymet,prithvi_eo_v2_300_tl_per_timestep_spatial_mean_daymet_late_fusion,ebm,4,,0,1245,416,415,,,0.7731088297280234,15.450258051392318,15.450258051392318,11.26770038785885
climate_fusion,prithvi_daymet,prithvi_eo_v2_300_tl_per_timestep_spatial_mean_daymet_late_fusion,ebm,4,,1,1245,416,415,,,0.7756081557313141,15.364926032481636,15.364926032481636,11.141940037877802
climate_fusion,prithvi_daymet,prithvi_eo_v2_300_tl_per_timestep_spatial_mean_daymet_late_fusion,ebm,4,,2,1245,416,415,,,0.7774497514667547,15.301745754091682,15.301745754091682,11.141836118985266
climate_fusion,terramind_daymet,terramind_v1_base_s2_6_prithvi_daymet_late_fusion,ridge,0,,0,1245,415,416,100.0,13.962370862984978,0.8650759052667751,13.131831991823955,13.131831991823955,10.095142078399656
climate_fusion,terramind_daymet,terramind_v1_base_s2_6_prithvi_daymet_late_fusion,random_forest,0,,0,1245,415,416,,,0.8063348045001126,15.732811910695673,15.732811910695673,11.745827339614179
climate_fusion,terramind_daymet,terramind_v1_base_s2_6_prithvi_daymet_late_fusion,random_forest,0,,1,1245,415,416,,,0.8074358307373952,15.688026039369463,15.688026039369463,11.701586788772136
climate_fusion,terramind_daymet,terramind_v1_base_s2_6_prithvi_daymet_late_fusion,random_forest,0,,2,1245,415,416,,,0.8082317143649242,15.655572517236436,15.655572517236436,11.69384921056397
climate_fusion,terramind_daymet,terramind_v1_base_s2_6_prithvi_daymet_late_fusion,xgboost,0,,0,1245,415,416,,,0.8464629272364392,14.008356625216122,14.008356625216122,10.432857865553636
climate_fusion,terramind_daymet,terramind_v1_base_s2_6_prithvi_daymet_late_fusion,xgboost,0,,1,1245,415,416,,,0.8475143925190035,13.960307627291943,13.960307627291943,10.393987103608938
climate_fusion,terramind_daymet,terramind_v1_base_s2_6_prithvi_daymet_late_fusion,xgboost,0,,2,1245,415,416,,,0.8430472751664431,14.163317511608144,14.163317511608144,10.509256494962253
climate_fusion,terramind_daymet,terramind_v1_base_s2_6_prithvi_daymet_late_fusion,ebm,0,,0,1245,415,416,,,0.8570763014520004,13.515517663159782,13.515517663159782,10.300577104436202
climate_fusion,terramind_daymet,terramind_v1_base_s2_6_prithvi_daymet_late_fusion,ebm,0,,1,1245,415,416,,,0.855363484249269,13.59626237823584,13.59626237823584,10.358777056341493
climate_fusion,terramind_daymet,terramind_v1_base_s2_6_prithvi_daymet_late_fusion,ebm,0,,2,1245,415,416,,,0.8558278923049553,13.574416959686262,13.574416959686262,10.355252553992234
climate_fusion,terramind_daymet,terramind_v1_base_s2_6_prithvi_daymet_late_fusion,ridge,1,,0,1246,415,415,100.0,13.160811897559698,0.8556270645478049,13.605452325628676,13.605452325628676,10.425537363075348
climate_fusion,terramind_daymet,terramind_v1_base_s2_6_prithvi_daymet_late_fusion,random_forest,1,,0,1246,415,415,,,0.805019013608586,15.811250634690676,15.811250634690676,12.01615190718736
climate_fusion,terramind_daymet,terramind_v1_base_s2_6_prithvi_daymet_late_fusion,random_forest,1,,1,1246,415,415,,,0.8057163425264893,15.78295167544578,15.78295167544578,12.009017947408465
climate_fusion,terramind_daymet,terramind_v1_base_s2_6_prithvi_daymet_late_fusion,random_forest,1,,2,1246,415,415,,,0.8057941151274585,15.77979236682236,15.77979236682236,11.946927518613695
climate_fusion,terramind_daymet,terramind_v1_base_s2_6_prithvi_daymet_late_fusion,xgboost,1,,0,1246,415,415,,,0.8448810219866073,14.102709461794955,14.102709461794955,10.497741110928086
climate_fusion,terramind_daymet,terramind_v1_base_s2_6_prithvi_daymet_late_fusion,xgboost,1,,1,1246,415,415,,,0.842792426684065,14.197334782692703,14.197334782692703,10.70752771952066
climate_fusion,terramind_daymet,terramind_v1_base_s2_6_prithvi_daymet_late_fusion,xgboost,1,,2,1246,415,415,,,0.8377592703930463,14.422815129999123,14.422815129999123,10.964442173601633
climate_fusion,terramind_daymet,terramind_v1_base_s2_6_prithvi_daymet_late_fusion,ebm,1,,0,1246,415,415,,,0.8441450318773507,14.136126301342205,14.136126301342205,10.661578938787816
climate_fusion,terramind_daymet,terramind_v1_base_s2_6_prithvi_daymet_late_fusion,ebm,1,,1,1246,415,415,,,0.8429029234512924,14.192344452647625,14.192344452647625,10.695095420923712
climate_fusion,terramind_daymet,terramind_v1_base_s2_6_prithvi_daymet_late_fusion,ebm,1,,2,1246,415,415,,,0.8423596829826738,14.216861784110046,14.216861784110046,10.772845852810262
climate_fusion,terramind_daymet,terramind_v1_base_s2_6_prithvi_daymet_late_fusion,ridge,2,,0,1246,415,415,100.0,13.934127249905872,0.8661844168502368,12.56077228678711,12.56077228678711,9.6904151934888
climate_fusion,terramind_daymet,terramind_v1_base_s2_6_prithvi_daymet_late_fusion,random_forest,2,,0,1246,415,415,,,0.8530525081851916,13.162672801771304,13.162672801771304,10.174312455207671
climate_fusion,terramind_daymet,terramind_v1_base_s2_6_prithvi_daymet_late_fusion,random_forest,2,,1,1246,415,415,,,0.8514506428735373,13.234221076211723,13.234221076211723,10.263238255935269
climate_fusion,terramind_daymet,terramind_v1_base_s2_6_prithvi_daymet_late_fusion,random_forest,2,,2,1246,415,415,,,0.8505811513313932,13.272895946001391,13.272895946001391,10.293083497460817
climate_fusion,terramind_daymet,terramind_v1_base_s2_6_prithvi_daymet_late_fusion,xgboost,2,,0,1246,415,415,,,0.8840587259709656,11.691817588940703,11.691817588940703,8.98298912507942
climate_fusion,terramind_daymet,terramind_v1_base_s2_6_prithvi_daymet_late_fusion,xgboost,2,,1,1246,415,415,,,0.886763038812644,11.554658117315155,11.554658117315155,8.943590240478516
climate_fusion,terramind_daymet,terramind_v1_base_s2_6_prithvi_daymet_late_fusion,xgboost,2,,2,1246,415,415,,,0.888052190555111,11.488697560912883,11.488697560912883,8.829224800201784
climate_fusion,terramind_daymet,terramind_v1_base_s2_6_prithvi_daymet_late_fusion,ebm,2,,0,1246,415,415,,,0.876054547444901,12.088663692506637,12.088663692506637,9.344593403972292
climate_fusion,terramind_daymet,terramind_v1_base_s2_6_prithvi_daymet_late_fusion,ebm,2,,1,1246,415,415,,,0.8757708639655777,12.102489912395269,12.102489912395269,9.262892655176632
climate_fusion,terramind_daymet,terramind_v1_base_s2_6_prithvi_daymet_late_fusion,ebm,2,,2,1246,415,415,,,0.8773965385061923,12.023041961304552,12.023041961304552,9.255194733654468
climate_fusion,terramind_daymet,terramind_v1_base_s2_6_prithvi_daymet_late_fusion,ridge,3,,0,1246,415,415,100.0,15.157708376280718,0.8453395723327494,13.438206967150872,13.438206967150872,10.324198814300168
climate_fusion,terramind_daymet,terramind_v1_base_s2_6_prithvi_daymet_late_fusion,random_forest,3,,0,1246,415,415,,,0.809475095351441,14.915149082070934,14.915149082070934,11.506873583174974
climate_fusion,terramind_daymet,terramind_v1_base_s2_6_prithvi_daymet_late_fusion,random_forest,3,,1,1246,415,415,,,0.8097045579780674,14.906164691309232,14.906164691309232,11.508047016570007
climate_fusion,terramind_daymet,terramind_v1_base_s2_6_prithvi_daymet_late_fusion,random_forest,3,,2,1246,415,415,,,0.8099258967996364,14.897493246437158,14.897493246437158,11.52007084564476
climate_fusion,terramind_daymet,terramind_v1_base_s2_6_prithvi_daymet_late_fusion,xgboost,3,,0,1246,415,415,,,0.8450733969575256,13.44976578074425,13.44976578074425,10.174860904188042
climate_fusion,terramind_daymet,terramind_v1_base_s2_6_prithvi_daymet_late_fusion,xgboost,3,,1,1246,415,415,,,0.847649375275762,13.337481863631586,13.337481863631586,10.119278485401567
climate_fusion,terramind_daymet,terramind_v1_base_s2_6_prithvi_daymet_late_fusion,xgboost,3,,2,1246,415,415,,,0.8417675893603083,13.592503216081525,13.592503216081525,10.202031308829065
climate_fusion,terramind_daymet,terramind_v1_base_s2_6_prithvi_daymet_late_fusion,ebm,3,,0,1246,415,415,,,0.849472807789704,13.257425722331684,13.257425722331684,10.280515854381585
climate_fusion,terramind_daymet,terramind_v1_base_s2_6_prithvi_daymet_late_fusion,ebm,3,,1,1246,415,415,,,0.8476673267828383,13.33669606129614,13.33669606129614,10.292680228047683
climate_fusion,terramind_daymet,terramind_v1_base_s2_6_prithvi_daymet_late_fusion,ebm,3,,2,1246,415,415,,,0.8466280302126434,13.382113833573639,13.382113833573639,10.322248938669745
climate_fusion,terramind_daymet,terramind_v1_base_s2_6_prithvi_daymet_late_fusion,ridge,4,,0,1245,416,415,100.0,13.283052916251265,0.783728815091586,15.084338502560955,15.084338502560955,11.350863592308688
climate_fusion,terramind_daymet,terramind_v1_base_s2_6_prithvi_daymet_late_fusion,random_forest,4,,0,1245,416,415,,,0.7131712152084082,17.37153942609464,17.37153942609464,12.69985260729119
climate_fusion,terramind_daymet,terramind_v1_base_s2_6_prithvi_daymet_late_fusion,random_forest,4,,1,1245,416,415,,,0.7171117174744379,17.251800183780652,17.251800183780652,12.731951119689096
climate_fusion,terramind_daymet,terramind_v1_base_s2_6_prithvi_daymet_late_fusion,random_forest,4,,2,1245,416,415,,,0.7178890945753791,17.228079900214247,17.228079900214247,12.692037397200087
climate_fusion,terramind_daymet,terramind_v1_base_s2_6_prithvi_daymet_late_fusion,xgboost,4,,0,1245,416,415,,,0.7681162642224106,15.619318616227082,15.619318616227082,11.283856726956653
climate_fusion,terramind_daymet,terramind_v1_base_s2_6_prithvi_daymet_late_fusion,xgboost,4,,1,1245,416,415,,,0.7728042547991691,15.460624658136732,15.460624658136732,11.218928612398813
climate_fusion,terramind_daymet,terramind_v1_base_s2_6_prithvi_daymet_late_fusion,xgboost,4,,2,1245,416,415,,,0.7687258705109075,15.598774051107789,15.598774051107789,11.358631680040473
climate_fusion,terramind_daymet,terramind_v1_base_s2_6_prithvi_daymet_late_fusion,ebm,4,,0,1245,416,415,,,0.7743214369349679,15.408916218825192,15.408916218825192,11.049881726597727
climate_fusion,terramind_daymet,terramind_v1_base_s2_6_prithvi_daymet_late_fusion,ebm,4,,1,1245,416,415,,,0.7711372470997101,15.517240764269872,15.517240764269872,11.169553136404492
climate_fusion,terramind_daymet,terramind_v1_base_s2_6_prithvi_daymet_late_fusion,ebm,4,,2,1245,416,415,,,0.774206088088744,15.412853619048297,15.412853619048297,11.082579141076513
climate_fusion,presto_daymet,presto_s2_daymet_late_fusion,ridge,0,,0,1245,415,416,0.01,14.94747095122429,0.8676509698262416,13.00591594544843,13.00591594544843,10.155635859416082
climate_fusion,presto_daymet,presto_s2_daymet_late_fusion,random_forest,0,,0,1245,415,416,,,0.854560555028272,13.633949014256897,13.633949014256897,10.407969834735919
climate_fusion,presto_daymet,presto_s2_daymet_late_fusion,random_forest,0,,1,1245,415,416,,,0.8553577178382367,13.596533405422685,13.596533405422685,10.371896923317964
climate_fusion,presto_daymet,presto_s2_daymet_late_fusion,random_forest,0,,2,1245,415,416,,,0.8554747274498056,13.591032776744152,13.591032776744152,10.360487203955232
climate_fusion,presto_daymet,presto_s2_daymet_late_fusion,xgboost,0,,0,1245,415,416,,,0.8838083710022251,12.186191023171153,12.186191023171153,9.267812409767739
climate_fusion,presto_daymet,presto_s2_daymet_late_fusion,xgboost,0,,1,1245,415,416,,,0.8822653053183538,12.266842586668693,12.266842586668693,9.302708037082965
climate_fusion,presto_daymet,presto_s2_daymet_late_fusion,xgboost,0,,2,1245,415,416,,,0.8795733548174576,12.40628790461987,12.40628790461987,9.456492359821613
climate_fusion,presto_daymet,presto_s2_daymet_late_fusion,ebm,0,,0,1245,415,416,,,0.8753838518819415,12.62024316345655,12.62024316345655,9.56606969947015
climate_fusion,presto_daymet,presto_s2_daymet_late_fusion,ebm,0,,1,1245,415,416,,,0.8737706689740867,12.701666384991405,12.701666384991405,9.633502306637713
climate_fusion,presto_daymet,presto_s2_daymet_late_fusion,ebm,0,,2,1245,415,416,,,0.8732743356280419,12.726613343025093,12.726613343025093,9.626803338967186
climate_fusion,presto_daymet,presto_s2_daymet_late_fusion,ridge,1,,0,1246,415,415,1.0,12.573680694474339,0.8369514108855509,14.458678935242277,14.458678935242277,10.748141678040286
climate_fusion,presto_daymet,presto_s2_daymet_late_fusion,random_forest,1,,0,1246,415,415,,,0.8365369278790383,14.477044849918014,14.477044849918014,10.877514690374314
climate_fusion,presto_daymet,presto_s2_daymet_late_fusion,random_forest,1,,1,1246,415,415,,,0.8390452591634343,14.36554073681714,14.36554073681714,10.798238863888232
climate_fusion,presto_daymet,presto_s2_daymet_late_fusion,random_forest,1,,2,1246,415,415,,,0.8382012288025998,14.403157207459959,14.403157207459959,10.840296187984258
climate_fusion,presto_daymet,presto_s2_daymet_late_fusion,xgboost,1,,0,1246,415,415,,,0.857295071632101,13.526628961885043,13.526628961885043,10.058536694997764
climate_fusion,presto_daymet,presto_s2_daymet_late_fusion,xgboost,1,,1,1246,415,415,,,0.8577067262765994,13.507105035276284,13.507105035276284,10.119663999626438
climate_fusion,presto_daymet,presto_s2_daymet_late_fusion,xgboost,1,,2,1246,415,415,,,0.8501960926927522,13.858992572829107,13.858992572829107,10.324015804428651
climate_fusion,presto_daymet,presto_s2_daymet_late_fusion,ebm,1,,0,1246,415,415,,,0.8497752674207565,13.878445083248593,13.878445083248593,10.401588809440662
climate_fusion,presto_daymet,presto_s2_daymet_late_fusion,ebm,1,,1,1246,415,415,,,0.8516496141529769,13.791592976035737,13.791592976035737,10.298972558402387
climate_fusion,presto_daymet,presto_s2_daymet_late_fusion,ebm,1,,2,1246,415,415,,,0.8494349666569406,13.894155458521503,13.894155458521503,10.40666509607752
climate_fusion,presto_daymet,presto_s2_daymet_late_fusion,ridge,2,,0,1246,415,415,0.1,13.002013335375059,0.8687332630125698,12.440571790507649,12.440571790507649,9.420787232180675
climate_fusion,presto_daymet,presto_s2_daymet_late_fusion,random_forest,2,,0,1246,415,415,,,0.8716373625616929,12.302186675985892,12.302186675985892,9.53209126822196
climate_fusion,presto_daymet,presto_s2_daymet_late_fusion,random_forest,2,,1,1246,415,415,,,0.8699194538897914,12.38423466266381,12.38423466266381,9.58428276575165
climate_fusion,presto_daymet,presto_s2_daymet_late_fusion,random_forest,2,,2,1246,415,415,,,0.8697803633897241,12.390853904471438,12.390853904471438,9.589689746203156
climate_fusion,presto_daymet,presto_s2_daymet_late_fusion,xgboost,2,,0,1246,415,415,,,0.8859905877472178,11.594001447916392,11.594001447916392,8.823577985648647
climate_fusion,presto_daymet,presto_s2_daymet_late_fusion,xgboost,2,,1,1246,415,415,,,0.887990674638186,11.49185367761522,11.49185367761522,8.776765427187263
climate_fusion,presto_daymet,presto_s2_daymet_late_fusion,xgboost,2,,2,1246,415,415,,,0.8837740613875016,11.706161945591322,11.706161945591322,8.899506198009812
climate_fusion,presto_daymet,presto_s2_daymet_late_fusion,ebm,2,,0,1246,415,415,,,0.8860587626016669,11.590534464165657,11.590534464165657,8.849918338080183
climate_fusion,presto_daymet,presto_s2_daymet_late_fusion,ebm,2,,1,1246,415,415,,,0.8855990326337435,11.613893662742223,11.613893662742223,8.891769929283456
climate_fusion,presto_daymet,presto_s2_daymet_late_fusion,ebm,2,,2,1246,415,415,,,0.8855206899536291,11.617869624921282,11.617869624921282,8.876871786274567
climate_fusion,presto_daymet,presto_s2_daymet_late_fusion,ridge,3,,0,1246,415,415,1.0,15.816883126754062,0.8633046124983377,12.633644510071214,12.633644510071214,9.706917147349161
climate_fusion,presto_daymet,presto_s2_daymet_late_fusion,random_forest,3,,0,1246,415,415,,,0.8432839431183625,13.527217410867882,13.527217410867882,10.244281678835437
climate_fusion,presto_daymet,presto_s2_daymet_late_fusion,random_forest,3,,1,1246,415,415,,,0.8431594532822937,13.532589122025316,13.532589122025316,10.288146653975215
climate_fusion,presto_daymet,presto_s2_daymet_late_fusion,random_forest,3,,2,1246,415,415,,,0.8448581962319535,13.459103734586344,13.459103734586344,10.224303215222967
climate_fusion,presto_daymet,presto_s2_daymet_late_fusion,xgboost,3,,0,1246,415,415,,,0.8679333772607352,12.417902858929432,12.417902858929432,9.329204151199527
climate_fusion,presto_daymet,presto_s2_daymet_late_fusion,xgboost,3,,1,1246,415,415,,,0.8703552887535642,12.30351277567464,12.30351277567464,9.314118514463125
climate_fusion,presto_daymet,presto_s2_daymet_late_fusion,xgboost,3,,2,1246,415,415,,,0.8641362505263743,12.595155105114364,12.595155105114364,9.541991439267814
climate_fusion,presto_daymet,presto_s2_daymet_late_fusion,ebm,3,,0,1246,415,415,,,0.8724224833703947,12.205028397239126,12.205028397239126,9.372997263882164
climate_fusion,presto_daymet,presto_s2_daymet_late_fusion,ebm,3,,1,1246,415,415,,,0.8724768179210923,12.202429093791116,12.202429093791116,9.334256619287258
climate_fusion,presto_daymet,presto_s2_daymet_late_fusion,ebm,3,,2,1246,415,415,,,0.8728836309224096,12.182949999631964,12.182949999631964,9.327391815343871
climate_fusion,presto_daymet,presto_s2_daymet_late_fusion,ridge,4,,0,1245,416,415,0.1,13.420872110370077,0.7862343336408923,14.996707340557023,14.996707340557023,11.376893277455524
climate_fusion,presto_daymet,presto_s2_daymet_late_fusion,random_forest,4,,0,1245,416,415,,,0.7316500174656968,16.802647850280174,16.802647850280174,11.788827306337122
climate_fusion,presto_daymet,presto_s2_daymet_late_fusion,random_forest,4,,1,1245,416,415,,,0.7356816898391295,16.675949236938887,16.675949236938887,11.761509877296957
climate_fusion,presto_daymet,presto_s2_daymet_late_fusion,random_forest,4,,2,1245,416,415,,,0.7318026617345905,16.797868284597136,16.797868284597136,11.821431701111248
climate_fusion,presto_daymet,presto_s2_daymet_late_fusion,xgboost,4,,0,1245,416,415,,,0.7758502742119823,15.356634428557982,15.356634428557982,10.781482202001364
climate_fusion,presto_daymet,presto_s2_daymet_late_fusion,xgboost,4,,1,1245,416,415,,,0.7734942718030602,15.437129045915595,15.437129045915595,10.66909304331584
climate_fusion,presto_daymet,presto_s2_daymet_late_fusion,xgboost,4,,2,1245,416,415,,,0.7867342458761025,14.979161431783366,14.979161431783366,10.537015426819583
climate_fusion,presto_daymet,presto_s2_daymet_late_fusion,ebm,4,,0,1245,416,415,,,0.7857047202002889,15.015273335154731,15.015273335154731,10.958043422760207
climate_fusion,presto_daymet,presto_s2_daymet_late_fusion,ebm,4,,1,1245,416,415,,,0.7876623780316129,14.946531250449501,14.946531250449501,10.897852913528947
climate_fusion,presto_daymet,presto_s2_daymet_late_fusion,ebm,4,,2,1245,416,415,,,0.79073210290976,14.838098336159675,14.838098336159675,10.945998863688953
climate_fusion,presto_era5,presto_s2_era5,ridge,0,,0,1245,415,416,0.1,15.595642177704258,0.8515959995330561,13.77220141134502,13.77220141134502,10.571094744022076
climate_fusion,presto_era5,presto_s2_era5,random_forest,0,,0,1245,415,416,,,0.835558974361002,14.497250718186748,14.497250718186748,11.242681813223275
climate_fusion,presto_era5,presto_s2_era5,random_forest,0,,1,1245,415,416,,,0.836031320397524,14.476414544940589,14.476414544940589,11.214369161051733
climate_fusion,presto_era5,presto_s2_era5,random_forest,0,,2,1245,415,416,,,0.8336478595711345,14.58125006027855,14.58125006027855,11.285021294927699
climate_fusion,presto_era5,presto_s2_era5,xgboost,0,,0,1245,415,416,,,0.8598695003444332,13.382797193183103,13.382797193183103,10.23301086792579
climate_fusion,presto_era5,presto_s2_era5,xgboost,0,,1,1245,415,416,,,0.8622649336364625,13.267919339253096,13.267919339253096,10.214647049170274
climate_fusion,presto_era5,presto_s2_era5,xgboost,0,,2,1245,415,416,,,0.8599019137472999,13.38124932499859,13.38124932499859,10.33821291740124
climate_fusion,presto_era5,presto_s2_era5,ebm,0,,0,1245,415,416,,,0.836956230527,14.435527719655102,14.435527719655102,10.904401805131114
climate_fusion,presto_era5,presto_s2_era5,ebm,0,,1,1245,415,416,,,0.8374657589010399,14.412953822744297,14.412953822744297,10.935305306794056
climate_fusion,presto_era5,presto_s2_era5,ebm,0,,2,1245,415,416,,,0.8363879781332085,14.460661731794954,14.460661731794954,10.96909177520255
climate_fusion,presto_era5,presto_s2_era5,ridge,1,,0,1246,415,415,10.0,14.05773880818065,0.8103675520696273,15.592882888933119,15.592882888933119,11.808170382947807
climate_fusion,presto_era5,presto_s2_era5,random_forest,1,,0,1246,415,415,,,0.8061260678703603,15.766300536632002,15.766300536632002,12.00368976193931
climate_fusion,presto_era5,presto_s2_era5,random_forest,1,,1,1246,415,415,,,0.8066024664586245,15.74691767515357,15.74691767515357,11.981521810695998
climate_fusion,presto_era5,presto_s2_era5,random_forest,1,,2,1246,415,415,,,0.8082191754425889,15.68096127215534,15.68096127215534,11.908124071015997
climate_fusion,presto_era5,presto_s2_era5,xgboost,1,,0,1246,415,415,,,0.8234126192273443,15.047000102528086,15.047000102528086,11.508399492746374
climate_fusion,presto_era5,presto_s2_era5,xgboost,1,,1,1246,415,415,,,0.8252308346947802,14.96933465113272,14.96933465113272,11.469905184090853
climate_fusion,presto_era5,presto_s2_era5,xgboost,1,,2,1246,415,415,,,0.8252718612286108,14.9675775449535,14.9675775449535,11.425705301675452
climate_fusion,presto_era5,presto_s2_era5,ebm,1,,0,1246,415,415,,,0.8129574381409124,15.486037713645718,15.486037713645718,11.752155120749064
climate_fusion,presto_era5,presto_s2_era5,ebm,1,,1,1246,415,415,,,0.8121114491602471,15.521019689514956,15.521019689514956,11.75599793635223
climate_fusion,presto_era5,presto_s2_era5,ebm,1,,2,1246,415,415,,,0.8133012650809814,15.471797729764445,15.471797729764445,11.750420052215745
climate_fusion,presto_era5,presto_s2_era5,ridge,2,,0,1246,415,415,0.01,13.929750944204134,0.8324513626383501,14.055084047074114,14.055084047074114,10.651811788168299
climate_fusion,presto_era5,presto_s2_era5,random_forest,2,,0,1246,415,415,,,0.8437861596532079,13.571340642164317,13.571340642164317,10.620377391447237
climate_fusion,presto_era5,presto_s2_era5,random_forest,2,,1,1246,415,415,,,0.8428128946089096,13.613552016937394,13.613552016937394,10.638695419152478
climate_fusion,presto_era5,presto_s2_era5,random_forest,2,,2,1246,415,415,,,0.8418756304622753,13.654078656594066,13.654078656594066,10.728470468808304
climate_fusion,presto_era5,presto_s2_era5,xgboost,2,,0,1246,415,415,,,0.8492520213111379,13.331798643381552,13.331798643381552,10.300164300390037
climate_fusion,presto_era5,presto_s2_era5,xgboost,2,,1,1246,415,415,,,0.8585221472459726,12.915381134350811,12.915381134350811,10.043664047057371
climate_fusion,presto_era5,presto_s2_era5,xgboost,2,,2,1246,415,415,,,0.8504039615986869,13.280763507847812,13.280763507847812,10.237500854859869
climate_fusion,presto_era5,presto_s2_era5,ebm,2,,0,1246,415,415,,,0.8465049807773216,13.452721165458309,13.452721165458309,10.652023016796617
climate_fusion,presto_era5,presto_s2_era5,ebm,2,,1,1246,415,415,,,0.8455067924464559,13.496392252277438,13.496392252277438,10.674240104084687
climate_fusion,presto_era5,presto_s2_era5,ebm,2,,2,1246,415,415,,,0.8470170285676554,13.43026378993723,13.43026378993723,10.593091481578364
climate_fusion,presto_era5,presto_s2_era5,ridge,3,,0,1246,415,415,10.0,17.76304140392312,0.8349551129850518,13.882022997101517,13.882022997101517,10.817745637089372
climate_fusion,presto_era5,presto_s2_era5,random_forest,3,,0,1246,415,415,,,0.8230139654787236,14.375442488887984,14.375442488887984,11.132436489491091
climate_fusion,presto_era5,presto_s2_era5,random_forest,3,,1,1246,415,415,,,0.8245912792318799,14.311241578878986,14.311241578878986,11.115230264492313
climate_fusion,presto_era5,presto_s2_era5,random_forest,3,,2,1246,415,415,,,0.8261095563222949,14.249170396885614,14.249170396885614,11.079936486772946
climate_fusion,presto_era5,presto_s2_era5,xgboost,3,,0,1246,415,415,,,0.8430252610054128,13.538377104521338,13.538377104521338,10.511688353756822
climate_fusion,presto_era5,presto_s2_era5,xgboost,3,,1,1246,415,415,,,0.8433656959647501,13.52368863145706,13.52368863145706,10.436448557290685
climate_fusion,presto_era5,presto_s2_era5,xgboost,3,,2,1246,415,415,,,0.8416043102578834,13.599514420271236,13.599514420271236,10.485971642919335
climate_fusion,presto_era5,presto_s2_era5,ebm,3,,0,1246,415,415,,,0.8359208511432226,13.841349006555744,13.841349006555744,10.763714108332623
climate_fusion,presto_era5,presto_s2_era5,ebm,3,,1,1246,415,415,,,0.8370516906073029,13.793568998337415,13.793568998337415,10.786555517052847
climate_fusion,presto_era5,presto_s2_era5,ebm,3,,2,1246,415,415,,,0.8380724662545119,13.750296810767964,13.750296810767964,10.763909494305173
climate_fusion,presto_era5,presto_s2_era5,ridge,4,,0,1245,416,415,1.0,13.65406891410566,0.7380964402083452,16.59960067179526,16.59960067179526,12.130913012401166
climate_fusion,presto_era5,presto_s2_era5,random_forest,4,,0,1245,416,415,,,0.6801512252851405,18.344221493030616,18.344221493030616,12.855342825909032
climate_fusion,presto_era5,presto_s2_era5,random_forest,4,,1,1245,416,415,,,0.679492402911291,18.363104426866133,18.363104426866133,12.836929234282005
climate_fusion,presto_era5,presto_s2_era5,random_forest,4,,2,1245,416,415,,,0.6830603155315761,18.2606087103366,18.2606087103366,12.761144558562805
climate_fusion,presto_era5,presto_s2_era5,xgboost,4,,0,1245,416,415,,,0.7217415626795654,17.11004338593954,17.11004338593954,11.978820058064287
climate_fusion,presto_era5,presto_s2_era5,xgboost,4,,1,1245,416,415,,,0.7149279890790523,17.31825896590486,17.31825896590486,11.915078955960562
climate_fusion,presto_era5,presto_s2_era5,xgboost,4,,2,1245,416,415,,,0.7087611327858161,17.504576435702905,17.504576435702905,12.044749856971832
climate_fusion,presto_era5,presto_s2_era5,ebm,4,,0,1245,416,415,,,0.7145452847478959,17.32987980122773,17.32987980122773,12.23025350306795
climate_fusion,presto_era5,presto_s2_era5,ebm,4,,1,1245,416,415,,,0.7156829591870091,17.295311367652285,17.295311367652285,12.169639196281008
climate_fusion,presto_era5,presto_s2_era5,ebm,4,,2,1245,416,415,,,0.716967353408845,17.256201607423783,17.256201607423783,12.207451118104503
climate_fusion,sentinel2_indices_daymet,sentinel2_indices_daymet_late_fusion,ridge,0,,0,1245,415,416,0.01,14.477261596991392,0.8392391839850207,14.334107669158044,14.334107669158044,11.010076731901902
climate_fusion,sentinel2_indices_daymet,sentinel2_indices_daymet_late_fusion,random_forest,0,,0,1245,415,416,,,0.8838947720375483,12.181659305442901,12.181659305442901,9.236951284870766
climate_fusion,sentinel2_indices_daymet,sentinel2_indices_daymet_late_fusion,random_forest,0,,1,1245,415,416,,,0.8825941213423135,12.249700848515888,12.249700848515888,9.261087170343892
climate_fusion,sentinel2_indices_daymet,sentinel2_indices_daymet_late_fusion,random_forest,0,,2,1245,415,416,,,0.8828914090678238,12.234182060275272,12.234182060275272,9.247614689461644
climate_fusion,sentinel2_indices_daymet,sentinel2_indices_daymet_late_fusion,xgboost,0,,0,1245,415,416,,,0.8970288892181217,11.47197680231397,11.47197680231397,8.63834922863887
climate_fusion,sentinel2_indices_daymet,sentinel2_indices_daymet_late_fusion,xgboost,0,,1,1245,415,416,,,0.8959810225166903,11.530200290376943,11.530200290376943,8.726720122190622
climate_fusion,sentinel2_indices_daymet,sentinel2_indices_daymet_late_fusion,xgboost,0,,2,1245,415,416,,,0.8968081098392924,11.48426869526066,11.48426869526066,8.568184865438022
climate_fusion,sentinel2_indices_daymet,sentinel2_indices_daymet_late_fusion,ebm,0,,0,1245,415,416,,,0.8663423233304948,13.070058009419817,13.070058009419817,9.940823862068287
climate_fusion,sentinel2_indices_daymet,sentinel2_indices_daymet_late_fusion,ebm,0,,1,1245,415,416,,,0.8639559484532586,13.186220687883111,13.186220687883111,10.061117960457715
climate_fusion,sentinel2_indices_daymet,sentinel2_indices_daymet_late_fusion,ebm,0,,2,1245,415,416,,,0.8639592504681435,13.186060661183305,13.186060661183305,10.022474863891642
climate_fusion,sentinel2_indices_daymet,sentinel2_indices_daymet_late_fusion,ridge,1,,0,1246,415,415,0.01,12.979762286976666,0.838172115720492,14.404452957219068,14.404452957219068,11.2486450526226
climate_fusion,sentinel2_indices_daymet,sentinel2_indices_daymet_late_fusion,random_forest,1,,0,1246,415,415,,,0.8816589335111475,12.317932810853536,12.317932810853536,9.439580486009968
climate_fusion,sentinel2_indices_daymet,sentinel2_indices_daymet_late_fusion,random_forest,1,,1,1246,415,415,,,0.8803749949188306,12.384574102556742,12.384574102556742,9.472478623014648
climate_fusion,sentinel2_indices_daymet,sentinel2_indices_daymet_late_fusion,random_forest,1,,2,1246,415,415,,,0.8806579812914745,12.369916879241117,12.369916879241117,9.47562080010018
climate_fusion,sentinel2_indices_daymet,sentinel2_indices_daymet_late_fusion,xgboost,1,,0,1246,415,415,,,0.8980188773583263,11.434837196400299,11.434837196400299,8.84568202742611
climate_fusion,sentinel2_indices_daymet,sentinel2_indices_daymet_late_fusion,xgboost,1,,1,1246,415,415,,,0.8977406186818007,11.45042672463332,11.45042672463332,8.910594949377588
climate_fusion,sentinel2_indices_daymet,sentinel2_indices_daymet_late_fusion,xgboost,1,,2,1246,415,415,,,0.8969033442853829,11.497207785859237,11.497207785859237,8.929464252885566
climate_fusion,sentinel2_indices_daymet,sentinel2_indices_daymet_late_fusion,ebm,1,,0,1246,415,415,,,0.8684605539398884,12.98667869609286,12.98667869609286,9.919590301743701
climate_fusion,sentinel2_indices_daymet,sentinel2_indices_daymet_late_fusion,ebm,1,,1,1246,415,415,,,0.8700593723104922,12.907513014804533,12.907513014804533,9.925827279008118
climate_fusion,sentinel2_indices_daymet,sentinel2_indices_daymet_late_fusion,ebm,1,,2,1246,415,415,,,0.8722836941844312,12.796560830799272,12.796560830799272,9.757126528167612
climate_fusion,sentinel2_indices_daymet,sentinel2_indices_daymet_late_fusion,ridge,2,,0,1246,415,415,0.01,13.926676249901686,0.8599755587407522,12.848869584534045,12.848869584534045,10.013956747399755
climate_fusion,sentinel2_indices_daymet,sentinel2_indices_daymet_late_fusion,random_forest,2,,0,1246,415,415,,,0.8920995511955566,11.279104553350411,11.279104553350411,8.452768477543207
climate_fusion,sentinel2_indices_daymet,sentinel2_indices_daymet_late_fusion,random_forest,2,,1,1246,415,415,,,0.8923515333643365,11.265926691152576,11.265926691152576,8.455870825636882
climate_fusion,sentinel2_indices_daymet,sentinel2_indices_daymet_late_fusion,random_forest,2,,2,1246,415,415,,,0.8911084930562618,11.330785050709279,11.330785050709279,8.49197536331472
climate_fusion,sentinel2_indices_daymet,sentinel2_indices_daymet_late_fusion,xgboost,2,,0,1246,415,415,,,0.9048656775651625,10.590869374577318,10.590869374577318,8.060180342341043
climate_fusion,sentinel2_indices_daymet,sentinel2_indices_daymet_late_fusion,xgboost,2,,1,1246,415,415,,,0.9037985348062908,10.650103789795619,10.650103789795619,8.030609807393637
climate_fusion,sentinel2_indices_daymet,sentinel2_indices_daymet_late_fusion,xgboost,2,,2,1246,415,415,,,0.9026496121981444,10.713511492775718,10.713511492775718,8.070039735357446
climate_fusion,sentinel2_indices_daymet,sentinel2_indices_daymet_late_fusion,ebm,2,,0,1246,415,415,,,0.8757324224806802,12.104362265825387,12.104362265825387,9.203625495372906
climate_fusion,sentinel2_indices_daymet,sentinel2_indices_daymet_late_fusion,ebm,2,,1,1246,415,415,,,0.8751160046141108,12.134346415199154,12.134346415199154,9.241757595231187
climate_fusion,sentinel2_indices_daymet,sentinel2_indices_daymet_late_fusion,ebm,2,,2,1246,415,415,,,0.8757579612383275,12.10311839246413,12.10311839246413,9.261103494253884
climate_fusion,sentinel2_indices_daymet,sentinel2_indices_daymet_late_fusion,ridge,3,,0,1246,415,415,0.01,15.373610461709282,0.8348080557887181,13.888206153940484,13.888206153940484,10.771403937282331
climate_fusion,sentinel2_indices_daymet,sentinel2_indices_daymet_late_fusion,random_forest,3,,0,1246,415,415,,,0.8655916781959405,12.527511251536167,12.527511251536167,9.421515235588819
climate_fusion,sentinel2_indices_daymet,sentinel2_indices_daymet_late_fusion,random_forest,3,,1,1246,415,415,,,0.864738956043275,12.56718735424549,12.56718735424549,9.434122502902047
climate_fusion,sentinel2_indices_daymet,sentinel2_indices_daymet_late_fusion,random_forest,3,,2,1246,415,415,,,0.8642230183472277,12.591132587310906,12.591132587310906,9.476354531257451
climate_fusion,sentinel2_indices_daymet,sentinel2_indices_daymet_late_fusion,xgboost,3,,0,1246,415,415,,,0.8893940222861421,11.364256348190649,11.364256348190649,8.502806633639048
climate_fusion,sentinel2_indices_daymet,sentinel2_indices_daymet_late_fusion,xgboost,3,,1,1246,415,415,,,0.8914117073914188,11.260125330338493,11.260125330338493,8.421365542124553
climate_fusion,sentinel2_indices_daymet,sentinel2_indices_daymet_late_fusion,xgboost,3,,2,1246,415,415,,,0.8904678482776801,11.30895645508303,11.30895645508303,8.443629915168486
climate_fusion,sentinel2_indices_daymet,sentinel2_indices_daymet_late_fusion,ebm,3,,0,1246,415,415,,,0.8619622459306143,12.695524982619903,12.695524982619903,9.713906881983782
climate_fusion,sentinel2_indices_daymet,sentinel2_indices_daymet_late_fusion,ebm,3,,1,1246,415,415,,,0.8627488876979094,12.659299027413727,12.659299027413727,9.663222310370083
climate_fusion,sentinel2_indices_daymet,sentinel2_indices_daymet_late_fusion,ebm,3,,2,1246,415,415,,,0.8611901826886712,12.730979343718516,12.730979343718516,9.72291624042168
climate_fusion,sentinel2_indices_daymet,sentinel2_indices_daymet_late_fusion,ridge,4,,0,1245,416,415,0.01,14.519997818607811,0.77972538007952,15.22331276609549,15.22331276609549,11.332286443135825
climate_fusion,sentinel2_indices_daymet,sentinel2_indices_daymet_late_fusion,random_forest,4,,0,1245,416,415,,,0.7819439690965228,15.146454732067276,15.146454732067276,10.884944060164509
climate_fusion,sentinel2_indices_daymet,sentinel2_indices_daymet_late_fusion,random_forest,4,,1,1245,416,415,,,0.7810854662230686,15.176241803934058,15.176241803934058,10.864973013015545
climate_fusion,sentinel2_indices_daymet,sentinel2_indices_daymet_late_fusion,random_forest,4,,2,1245,416,415,,,0.7806975805433813,15.18968093357124,15.18968093357124,10.872740037760105
climate_fusion,sentinel2_indices_daymet,sentinel2_indices_daymet_late_fusion,xgboost,4,,0,1245,416,415,,,0.8107390718215992,14.110988004817338,14.110988004817338,10.323744709060854
climate_fusion,sentinel2_indices_daymet,sentinel2_indices_daymet_late_fusion,xgboost,4,,1,1245,416,415,,,0.8107213357107597,14.11164917716427,14.11164917716427,10.152924716443898
climate_fusion,sentinel2_indices_daymet,sentinel2_indices_daymet_late_fusion,xgboost,4,,2,1245,416,415,,,0.811321074249402,14.089274720374936,14.089274720374936,10.24372924253165
climate_fusion,sentinel2_indices_daymet,sentinel2_indices_daymet_late_fusion,ebm,4,,0,1245,416,415,,,0.8241361724629379,13.602389305718587,13.602389305718587,10.367210029296634
climate_fusion,sentinel2_indices_daymet,sentinel2_indices_daymet_late_fusion,ebm,4,,1,1245,416,415,,,0.8268453047677166,13.497212206227717,13.497212206227717,10.244964295710588
climate_fusion,sentinel2_indices_daymet,sentinel2_indices_daymet_late_fusion,ebm,4,,2,1245,416,415,,,0.8268915326737623,13.495410379522905,13.495410379522905,10.29851770348196
