family,representation,backbone,regressor,fold,seeds,test_n,r2,r2_seed_std,rmse,rmse_seed_std,rmse_bu_per_acre,rmse_bu_per_acre_seed_std,mae,mae_seed_std
climate_fusion,clay_daymet,clay_v1_5_cls_daymet_late_fusion,ebm,0,3,416,0.879421541376542,0.0007724709633343211,12.414041767085047,0.039719991061946486,12.414041767085047,0.039719991061946486,9.483966136372368,0.03915062598898569
climate_fusion,clay_daymet,clay_v1_5_cls_daymet_late_fusion,ebm,1,3,415,0.8691175860812007,0.0009675824775885263,12.954115950789763,0.0478238199882158,12.954115950789763,0.0478238199882158,9.67397535690286,0.0675996850514982
climate_fusion,clay_daymet,clay_v1_5_cls_daymet_late_fusion,ebm,2,3,415,0.8879886972487508,0.0010102635782478335,11.491838028489376,0.05187564225227542,11.491838028489376,0.05187564225227542,8.84415005628937,0.013545900420761894
climate_fusion,clay_daymet,clay_v1_5_cls_daymet_late_fusion,ebm,3,3,415,0.8665751081169372,0.0003178028428762537,12.481588024914887,0.014866590227283037,12.481588024914887,0.014866590227283037,9.386824377109866,0.027786048166728205
climate_fusion,clay_daymet,clay_v1_5_cls_daymet_late_fusion,ebm,4,3,415,0.8000762925350778,0.0014015402409688065,14.502952208029754,0.0508790645062449,14.502952208029754,0.0508790645062449,10.64868726093326,0.038174336677501024
climate_fusion,clay_daymet,clay_v1_5_cls_daymet_late_fusion,random_forest,0,3,416,0.8316495619788608,0.001340214666749388,14.66845097503276,0.05832353849546465,14.66845097503276,0.05832353849546465,11.06800134222749,0.049709680435576706
climate_fusion,clay_daymet,clay_v1_5_cls_daymet_late_fusion,random_forest,1,3,415,0.8214908836170057,0.0004703010299451931,15.12864091466915,0.019927644334880056,15.12864091466915,0.019927644334880056,11.321052032502307,0.018654364242236512
climate_fusion,clay_daymet,clay_v1_5_cls_daymet_late_fusion,random_forest,2,3,415,0.8643405936255292,0.0012603567198988916,12.646876019132746,0.058787673422435495,12.646876019132746,0.058787673422435495,9.609981873529563,0.042095400661811944
climate_fusion,clay_daymet,clay_v1_5_cls_daymet_late_fusion,random_forest,3,3,415,0.8148007496650308,0.0006442435661165179,14.70519124793171,0.025583898959201826,14.70519124793171,0.025583898959201826,11.247161676354663,0.013057369685618941
climate_fusion,clay_daymet,clay_v1_5_cls_daymet_late_fusion,random_forest,4,3,415,0.7241611856426262,0.0005475577624407793,17.035481550994707,0.016914066512172896,17.035481550994707,0.016914066512172896,12.363947394431015,0.027867480084765472
climate_fusion,clay_daymet,clay_v1_5_cls_daymet_late_fusion,ridge,0,1,416,0.8671501415426849,0.0,13.030500862892454,0.0,13.030500862892454,0.0,9.927691356952373,0.0
climate_fusion,clay_daymet,clay_v1_5_cls_daymet_late_fusion,ridge,1,1,415,0.831868651036878,0.0,14.682311714893018,0.0,14.682311714893018,0.0,10.149588582601892,0.0
climate_fusion,clay_daymet,clay_v1_5_cls_daymet_late_fusion,ridge,2,1,415,0.8720446718346244,0.0,12.282653048112572,0.0,12.282653048112572,0.0,9.3883570328678,0.0
climate_fusion,clay_daymet,clay_v1_5_cls_daymet_late_fusion,ridge,3,1,415,0.8555309460679297,0.0,12.987905994077058,0.0,12.987905994077058,0.0,9.80860823298075,0.0
climate_fusion,clay_daymet,clay_v1_5_cls_daymet_late_fusion,ridge,4,1,415,0.7923832689647771,0.0,14.77944461035636,0.0,14.77944461035636,0.0,10.883112388518919,0.0
climate_fusion,clay_daymet,clay_v1_5_cls_daymet_late_fusion,xgboost,0,3,416,0.8637156933890621,0.00048417820976323763,13.197838249720201,0.023429395917432472,13.197838249720201,0.023429395917432472,10.072966636755528,0.03547333174692678
climate_fusion,clay_daymet,clay_v1_5_cls_daymet_late_fusion,xgboost,1,3,415,0.8557680968972728,0.0024290528505528453,13.598323564343099,0.11447286576890543,13.598323564343099,0.11447286576890543,10.278172152722215,0.10320209280366789
climate_fusion,clay_daymet,clay_v1_5_cls_daymet_late_fusion,xgboost,2,3,415,0.8909368693552175,0.0006390939347632029,11.339662067899368,0.033227604721754775,11.339662067899368,0.033227604721754775,8.572844087531768,0.021786402714410652
climate_fusion,clay_daymet,clay_v1_5_cls_daymet_late_fusion,xgboost,3,3,415,0.8555964487762516,0.0011285533434235264,12.984862402780507,0.05067426961536786,12.984862402780507,0.05067426961536786,9.908854212014072,0.058513812985317694
climate_fusion,clay_daymet,clay_v1_5_cls_daymet_late_fusion,xgboost,4,3,415,0.7684390373973934,0.0009459415011604183,15.608411519246884,0.031885413644979946,15.608411519246884,0.031885413644979946,11.310977051516614,0.02595270188865294
climate_fusion,presto_daymet,presto_s2_daymet_late_fusion,ebm,0,3,416,0.8741429521613567,0.0009005408689632058,12.682840963824349,0.04541990119575932,12.682840963824349,0.04541990119575932,9.608791781691684,0.03033261472376168
climate_fusion,presto_daymet,presto_s2_daymet_late_fusion,ebm,1,3,415,0.8502866160768914,0.0009737467052655032,13.854731172601944,0.04510379046915888,13.854731172601944,0.04510379046915888,10.369075487973523,0.049613558108959496
climate_fusion,presto_daymet,presto_s2_daymet_late_fusion,ebm,2,3,415,0.8857261617296799,0.00023734910844128268,11.607432583943053,0.01205852140799928,11.607432583943053,0.01205852140799928,8.872853351212735,0.017320503973057972
climate_fusion,presto_daymet,presto_s2_daymet_late_fusion,ebm,3,3,415,0.8725943107379656,0.00020577931171513622,12.1968024968874,0.009852507456231525,12.1968024968874,0.009852507456231525,9.344881899504431,0.020077129091992663
climate_fusion,presto_daymet,presto_s2_daymet_late_fusion,ebm,4,3,415,0.7880330670472206,0.0020690902971421143,14.933300973921304,0.07293387521119853,14.933300973921304,0.07293387521119853,10.933965066659368,0.026004275976481497
climate_fusion,presto_daymet,presto_s2_daymet_late_fusion,random_forest,0,3,416,0.8551310001054381,0.0004061842782507626,13.607171732141245,0.01906709831255075,13.607171732141245,0.01906709831255075,10.380117987336371,0.020237580169243347
climate_fusion,presto_daymet,presto_s2_daymet_late_fusion,random_forest,1,3,415,0.8379278052816908,0.001042113805176642,14.415247598065037,0.046317203199536194,14.415247598065037,0.046317203199536194,10.838683247415602,0.032384310493626056
climate_fusion,presto_daymet,presto_s2_daymet_late_fusion,random_forest,2,3,415,0.8704457266137361,0.0008445250010703618,12.359091747707046,0.04032860011802431,12.359091747707046,0.04032860011802431,9.56868792672559,0.02597172076989608
climate_fusion,presto_daymet,presto_s2_daymet_late_fusion,random_forest,3,3,415,0.8437671975442033,0.0007731248421506344,13.50630342249318,0.033447189459074045,13.50630342249318,0.033447189459074045,10.25224384934454,0.026665124380483813
climate_fusion,presto_daymet,presto_s2_daymet_late_fusion,random_forest,4,3,415,0.7330447896798056,0.0018656110537637698,16.7588217906054,0.05863222194570875,16.7588217906054,0.05863222194570875,11.790589628248442,0.024494701143948968
climate_fusion,presto_daymet,presto_s2_daymet_late_fusion,ridge,0,1,416,0.8676509698262416,0.0,13.00591594544843,0.0,13.00591594544843,0.0,10.155635859416082,0.0
climate_fusion,presto_daymet,presto_s2_daymet_late_fusion,ridge,1,1,415,0.8369514108855509,0.0,14.458678935242277,0.0,14.458678935242277,0.0,10.748141678040286,0.0
climate_fusion,presto_daymet,presto_s2_daymet_late_fusion,ridge,2,1,415,0.8687332630125698,0.0,12.440571790507649,0.0,12.440571790507649,0.0,9.420787232180675,0.0
climate_fusion,presto_daymet,presto_s2_daymet_late_fusion,ridge,3,1,415,0.8633046124983377,0.0,12.633644510071214,0.0,12.633644510071214,0.0,9.706917147349161,0.0
climate_fusion,presto_daymet,presto_s2_daymet_late_fusion,ridge,4,1,415,0.7862343336408923,0.0,14.996707340557023,0.0,14.996707340557023,0.0,11.376893277455524,0.0
climate_fusion,presto_daymet,presto_s2_daymet_late_fusion,xgboost,0,3,416,0.8818823437126788,0.0017500162313297863,12.286440504819906,0.090916511528467,12.286440504819906,0.090916511528467,9.342337602224106,0.08196709792365901
climate_fusion,presto_daymet,presto_s2_daymet_late_fusion,xgboost,1,3,415,0.8550659635338175,0.0034476171861231816,13.63090885666348,0.16147638034193215,13.63090885666348,0.16147638034193215,10.167405499684284,0.11351718667786005
climate_fusion,presto_daymet,presto_s2_daymet_late_fusion,xgboost,2,3,415,0.8859184412576351,0.0017221809164411767,11.597339023707645,0.08752280841720066,11.597339023707645,0.08752280841720066,8.83328320361524,0.05057646124013752
climate_fusion,presto_daymet,presto_s2_daymet_late_fusion,xgboost,3,3,415,0.8674749721802245,0.002559519555332025,12.438856913239478,0.11998087729378173,12.438856913239478,0.11998087729378173,9.395104701643488,0.10404703864558505
climate_fusion,presto_daymet,presto_s2_daymet_late_fusion,xgboost,4,3,415,0.7786929306303817,0.005766844891186673,15.257641635418983,0.19963844606118566,15.257641635418983,0.19963844606118566,10.662530224045595,0.09991097366998045
climate_fusion,presto_era5,presto_s2_era5,ebm,0,3,416,0.8369366558537495,0.00044021981005814865,14.436381091398118,0.01948601770492969,14.436381091398118,0.01948601770492969,10.93626629570924,0.026418310338754983
climate_fusion,presto_era5,presto_s2_era5,ebm,1,3,415,0.812790050794047,0.0004999529139336897,15.49295171097504,0.020680955002491817,15.49295171097504,0.020680955002491817,11.752857703105681,0.002330724398963372
climate_fusion,presto_era5,presto_s2_era5,ebm,2,3,415,0.8463429339304777,0.00062710853439841,13.459792402557659,0.02745596691014534,13.459792402557659,0.02745596691014534,10.639784867486556,0.03424036562859621
climate_fusion,presto_era5,presto_s2_era5,ebm,3,3,415,0.8370150026683457,0.0008787761946521132,13.795071605220373,0.0371870852136204,13.795071605220373,0.0371870852136204,10.77139303989688,0.010721787134878102
climate_fusion,presto_era5,presto_s2_era5,ebm,4,3,415,0.71573186578125,0.000989409938905707,17.293797592101267,0.030098036457185683,17.293797592101267,0.030098036457185683,12.202447939151154,0.024997298474632616
climate_fusion,presto_era5,presto_s2_era5,random_forest,0,3,416,0.8350793847765535,0.001030445212797833,14.518305107801963,0.04531435983288264,14.518305107801963,0.04531435983288264,11.24735742306757,0.029032476078452545
climate_fusion,presto_era5,presto_s2_era5,random_forest,1,3,415,0.806982569923858,0.0008957804085235695,15.731393161313639,0.03652812079142244,15.731393161313639,0.03652812079142244,11.964445214550436,0.04084040419610215
climate_fusion,presto_era5,presto_s2_era5,random_forest,2,3,415,0.842824894908131,0.0007800164326206819,13.61299043856526,0.03377998703024591,13.61299043856526,0.03377998703024591,10.66251442646934,0.04723372506671429
climate_fusion,presto_era5,presto_s2_era5,random_forest,3,3,415,0.8245716003442994,0.001263846275373405,14.31195148821753,0.051552809707557684,14.31195148821753,0.051552809707557684,11.109201080252115,0.021852930670019307
climate_fusion,presto_era5,presto_s2_era5,random_forest,4,3,415,0.6809013145760026,0.001550156029715904,18.32264487674445,0.04453841603601602,18.32264487674445,0.04453841603601602,12.817805539584613,0.04076448754260746
climate_fusion,presto_era5,presto_s2_era5,ridge,0,1,416,0.8515959995330561,0.0,13.77220141134502,0.0,13.77220141134502,0.0,10.571094744022076,0.0
climate_fusion,presto_era5,presto_s2_era5,ridge,1,1,415,0.8103675520696273,0.0,15.592882888933119,0.0,15.592882888933119,0.0,11.808170382947807,0.0
climate_fusion,presto_era5,presto_s2_era5,ridge,2,1,415,0.8324513626383501,0.0,14.055084047074114,0.0,14.055084047074114,0.0,10.651811788168299,0.0
climate_fusion,presto_era5,presto_s2_era5,ridge,3,1,415,0.8349551129850518,0.0,13.882022997101517,0.0,13.882022997101517,0.0,10.817745637089372,0.0
climate_fusion,presto_era5,presto_s2_era5,ridge,4,1,415,0.7380964402083452,0.0,16.59960067179526,0.0,16.59960067179526,0.0,12.130913012401166,0.0
climate_fusion,presto_era5,presto_s2_era5,xgboost,0,3,416,0.8606787825760652,0.0011216562298586245,13.34398861914493,0.05379281539032133,13.34398861914493,0.05379281539032133,10.261956944832434,0.0544397983962231
climate_fusion,presto_era5,presto_s2_era5,xgboost,1,3,415,0.8246384383835785,0.0008669468445690945,14.994637432871436,0.03703294691406511,14.994637432871436,0.03703294691406511,11.468003326170892,0.03378653683426141
climate_fusion,presto_era5,presto_s2_era5,xgboost,2,3,415,0.8527260433852658,0.004125357081885573,13.175981095193393,0.18544613046758818,13.175981095193393,0.18544613046758818,10.193776400769092,0.10918475444274191
climate_fusion,presto_era5,presto_s2_era5,xgboost,3,3,415,0.8426650890760153,0.0007628511283917765,13.55386005208321,0.03283472563436214,13.55386005208321,0.03283472563436214,10.478036184655615,0.03122483377546236
climate_fusion,presto_era5,presto_s2_era5,xgboost,4,3,415,0.7151435615148113,0.005301430226076049,17.310959595849102,0.1611501214009336,17.310959595849102,0.1611501214009336,11.97954962366556,0.052940437233703605
climate_fusion,prithvi_daymet,prithvi_eo_v2_300_tl_per_timestep_spatial_mean_daymet_late_fusion,ebm,0,3,416,0.8575334975484368,0.0009102454706714112,13.493814220293586,0.043106325538330374,13.493814220293586,0.043106325538330374,10.283315749575927,0.033427143158080354
climate_fusion,prithvi_daymet,prithvi_eo_v2_300_tl_per_timestep_spatial_mean_daymet_late_fusion,ebm,1,3,415,0.8488458198374605,0.0008390953569979474,13.92125858878302,0.03862830433402633,13.92125858878302,0.03862830433402633,10.357503688665853,0.06844518890208334
climate_fusion,prithvi_daymet,prithvi_eo_v2_300_tl_per_timestep_spatial_mean_daymet_late_fusion,ebm,2,3,415,0.8700625723722482,0.0013742075236026633,12.377246459492696,0.06555024291634279,12.377246459492696,0.06555024291634279,9.250044482290903,0.047157956217486086
climate_fusion,prithvi_daymet,prithvi_eo_v2_300_tl_per_timestep_spatial_mean_daymet_late_fusion,ebm,3,3,415,0.8532682562963502,0.001143406804066155,13.089120236382954,0.051059313295792726,13.089120236382954,0.051059313295792726,10.031315511650893,0.054418299390019714
climate_fusion,prithvi_daymet,prithvi_eo_v2_300_tl_per_timestep_spatial_mean_daymet_late_fusion,ebm,4,3,415,0.7753889123086974,0.0017789418473197092,15.372309945988546,0.06085429180365317,15.372309945988546,0.06085429180365317,11.183825514907307,0.0593085066088743
climate_fusion,prithvi_daymet,prithvi_eo_v2_300_tl_per_timestep_spatial_mean_daymet_late_fusion,random_forest,0,3,416,0.7815260443498481,0.0007278211102980787,16.710128715727972,0.027825146095851853,16.710128715727972,0.027825146095851853,12.217353878586318,0.035450257005789465
climate_fusion,prithvi_daymet,prithvi_eo_v2_300_tl_per_timestep_spatial_mean_daymet_late_fusion,random_forest,1,3,415,0.7873169042195182,0.00047714664945330734,16.513392542480304,0.01852779836307439,16.513392542480304,0.01852779836307439,12.040789193959768,0.01703718444978626
climate_fusion,prithvi_daymet,prithvi_eo_v2_300_tl_per_timestep_spatial_mean_daymet_late_fusion,random_forest,2,3,415,0.8358419813215812,0.0012292753565958546,13.912046138493492,0.05204026257018564,13.912046138493492,0.05204026257018564,10.502830938618505,0.027350044798329427
climate_fusion,prithvi_daymet,prithvi_eo_v2_300_tl_per_timestep_spatial_mean_daymet_late_fusion,random_forest,3,3,415,0.7531143910308379,0.0010972144772646998,16.978469455683953,0.037728547127028014,16.978469455683953,0.037728547127028014,12.906523531753459,0.0516291110716427
climate_fusion,prithvi_daymet,prithvi_eo_v2_300_tl_per_timestep_spatial_mean_daymet_late_fusion,random_forest,4,3,415,0.6849759817843032,0.0013689425199673682,18.205296104292675,0.03957699628223557,18.205296104292675,0.03957699628223557,13.011929794033499,0.010071759455984762
climate_fusion,prithvi_daymet,prithvi_eo_v2_300_tl_per_timestep_spatial_mean_daymet_late_fusion,ridge,0,1,416,0.8362592173307076,0.0,14.466350800958446,0.0,14.466350800958446,0.0,10.82411391551678,0.0
climate_fusion,prithvi_daymet,prithvi_eo_v2_300_tl_per_timestep_spatial_mean_daymet_late_fusion,ridge,1,1,415,0.8059645711985881,0.0,15.772865821117186,0.0,15.772865821117186,0.0,10.904199056970068,0.0
climate_fusion,prithvi_daymet,prithvi_eo_v2_300_tl_per_timestep_spatial_mean_daymet_late_fusion,ridge,2,1,415,0.8506558601458145,0.0,13.26957733422927,0.0,13.26957733422927,0.0,10.023772024131684,0.0
climate_fusion,prithvi_daymet,prithvi_eo_v2_300_tl_per_timestep_spatial_mean_daymet_late_fusion,ridge,3,1,415,0.8536088821711165,0.0,13.07401821456124,0.0,13.07401821456124,0.0,10.155800586378717,0.0
climate_fusion,prithvi_daymet,prithvi_eo_v2_300_tl_per_timestep_spatial_mean_daymet_late_fusion,ridge,4,1,415,0.7740083187444441,0.0,15.419602079967703,0.0,15.419602079967703,0.0,11.366475863169475,0.0
climate_fusion,prithvi_daymet,prithvi_eo_v2_300_tl_per_timestep_spatial_mean_daymet_late_fusion,xgboost,0,3,416,0.8387177908215673,0.004306248639019838,14.356041879355544,0.19259058986783353,14.356041879355544,0.19259058986783353,10.667614526015063,0.15716787955204561
climate_fusion,prithvi_daymet,prithvi_eo_v2_300_tl_per_timestep_spatial_mean_daymet_late_fusion,xgboost,1,3,415,0.8282534945076291,0.006261566690506131,14.83688625054119,0.2688326502109318,14.83688625054119,0.2688326502109318,10.941088805907222,0.11866385629683698
climate_fusion,prithvi_daymet,prithvi_eo_v2_300_tl_per_timestep_spatial_mean_daymet_late_fusion,xgboost,2,3,415,0.8698643697513688,0.003344497932822905,12.385836737931887,0.15894182311142582,12.385836737931887,0.15894182311142582,9.212128403751725,0.1061859806881399
climate_fusion,prithvi_daymet,prithvi_eo_v2_300_tl_per_timestep_spatial_mean_daymet_late_fusion,xgboost,3,3,415,0.8214265432264578,0.007672649286674953,14.436481399503615,0.30800278129611125,14.436481399503615,0.30800278129611125,10.909200144082186,0.19669128742602437
climate_fusion,prithvi_daymet,prithvi_eo_v2_300_tl_per_timestep_spatial_mean_daymet_late_fusion,xgboost,4,3,415,0.7350594535153693,0.004152832014743006,16.695052584299237,0.13096664518291382,16.695052584299237,0.13096664518291382,11.805209648408086,0.05200497414348449
climate_fusion,sentinel2_indices_daymet,sentinel2_indices_daymet_late_fusion,ebm,0,3,416,0.8647525074172989,0.001124170421307358,13.147446452828746,0.05472193211792808,13.147446452828746,0.05472193211792808,10.008138895472548,0.050145172713607356
climate_fusion,sentinel2_indices_daymet,sentinel2_indices_daymet_late_fusion,ebm,1,3,415,0.8702678734782706,0.0015677382615484345,12.89691751389889,0.0779760610936833,12.89691751389889,0.0779760610936833,9.867514702973144,0.07809774569525749
climate_fusion,sentinel2_indices_daymet,sentinel2_indices_daymet_late_fusion,ebm,2,3,415,0.8755354627777061,0.0002967849056029734,12.113942357829558,0.014436781106859442,12.113942357829558,0.014436781106859442,9.235495528285993,0.02387942211277331
climate_fusion,sentinel2_indices_daymet,sentinel2_indices_daymet_late_fusion,ebm,3,3,415,0.861967105439065,0.0006363479329071579,12.695267784584049,0.02926393171933547,12.695267784584049,0.02926393171933547,9.700015144258515,0.026275167034317915
climate_fusion,sentinel2_indices_daymet,sentinel2_indices_daymet_late_fusion,ebm,4,3,415,0.8259576699681389,0.001288131495853441,13.531670630489737,0.05001106487209458,13.531670630489737,0.05001106487209458,10.303564009496393,0.050034013419480654
climate_fusion,sentinel2_indices_daymet,sentinel2_indices_daymet_late_fusion,random_forest,0,3,416,0.8831267674825618,0.0005564579920022017,12.221847404744686,0.029114952529950573,12.221847404744686,0.029114952529950573,9.248551048225435,0.009875654162091409
climate_fusion,sentinel2_indices_daymet,sentinel2_indices_daymet_late_fusion,random_forest,1,3,415,0.8808973032404843,0.0005508059692659647,12.357474597550464,0.028593393411999957,12.357474597550464,0.028593393411999957,9.462559969708265,0.016299505564882355
climate_fusion,sentinel2_indices_daymet,sentinel2_indices_daymet_late_fusion,random_forest,2,3,415,0.8918531925387182,0.0005365362632814061,11.291938765070755,0.02799034886002228,11.291938765070755,0.02799034886002228,8.46687155549827,0.01779619839717723
climate_fusion,sentinel2_indices_daymet,sentinel2_indices_daymet_late_fusion,random_forest,3,3,415,0.8648512175288143,0.0005643636098717938,12.561943731030853,0.0262366191896406,12.561943731030853,0.0262366191896406,9.44399742324944,0.02345168972246863
climate_fusion,sentinel2_indices_daymet,sentinel2_indices_daymet_late_fusion,random_forest,4,3,415,0.7812423386209909,0.0005207864682528394,15.170792489857526,0.018062805098578657,15.170792489857526,0.018062805098578657,10.874219036980053,0.008219945663891353
climate_fusion,sentinel2_indices_daymet,sentinel2_indices_daymet_late_fusion,ridge,0,1,416,0.8392391839850207,0.0,14.334107669158044,0.0,14.334107669158044,0.0,11.010076731901902,0.0
climate_fusion,sentinel2_indices_daymet,sentinel2_indices_daymet_late_fusion,ridge,1,1,415,0.838172115720492,0.0,14.404452957219068,0.0,14.404452957219068,0.0,11.2486450526226,0.0
climate_fusion,sentinel2_indices_daymet,sentinel2_indices_daymet_late_fusion,ridge,2,1,415,0.8599755587407522,0.0,12.848869584534045,0.0,12.848869584534045,0.0,10.013956747399755,0.0
climate_fusion,sentinel2_indices_daymet,sentinel2_indices_daymet_late_fusion,ridge,3,1,415,0.8348080557887181,0.0,13.888206153940484,0.0,13.888206153940484,0.0,10.771403937282331,0.0
climate_fusion,sentinel2_indices_daymet,sentinel2_indices_daymet_late_fusion,ridge,4,1,415,0.77972538007952,0.0,15.22331276609549,0.0,15.22331276609549,0.0,11.332286443135825,0.0
climate_fusion,sentinel2_indices_daymet,sentinel2_indices_daymet_late_fusion,xgboost,0,3,416,0.8966060071913682,0.0004510286511340359,11.495481929317192,0.025057215914245805,11.495481929317192,0.025057215914245805,8.644418072089172,0.06486385770222335
climate_fusion,sentinel2_indices_daymet,sentinel2_indices_daymet_late_fusion,xgboost,1,3,415,0.8975542801085034,0.0004740921549878469,11.46082390229762,0.026502812239472304,11.46082390229762,0.026502812239472304,8.895247076563088,0.03588438124200517
climate_fusion,sentinel2_indices_daymet,sentinel2_indices_daymet_late_fusion,xgboost,2,3,415,0.9037712748565325,0.0009049102188872257,10.651494885716218,0.050078096675378124,10.651494885716218,0.050078096675378124,8.053609961697376,0.016754247842657912
climate_fusion,sentinel2_indices_daymet,sentinel2_indices_daymet_late_fusion,xgboost,3,3,415,0.8904245259850804,0.0008242859179479802,11.311112711204055,0.042538643608497184,11.311112711204055,0.042538643608497184,8.455934030310695,0.0343676813672639
climate_fusion,sentinel2_indices_daymet,sentinel2_indices_daymet_late_fusion,xgboost,4,3,415,0.8109271605939203,0.00027863311407435904,14.103970634118847,0.010395085306511212,14.103970634118847,0.010395085306511212,10.240132889345468,0.0697833207702911
climate_fusion,terramind_daymet,terramind_v1_base_s2_6_prithvi_daymet_late_fusion,ebm,0,3,416,0.8560892260020748,0.000723259828107361,13.562065667027296,0.03410125194123177,13.562065667027296,0.03410125194123177,10.338202238256644,0.026643867968158968
climate_fusion,terramind_daymet,terramind_v1_base_s2_6_prithvi_daymet_late_fusion,ebm,1,3,415,0.8431358794371056,0.0007472478559914091,14.18177751269996,0.033796446650816755,14.18177751269996,0.033796446650816755,10.709840070840597,0.04660568681250675
climate_fusion,terramind_daymet,terramind_v1_base_s2_6_prithvi_daymet_late_fusion,ebm,2,3,415,0.8764073166388903,0.0007090082304042817,12.071398522068819,0.0346560126174707,12.071398522068819,0.0346560126174707,9.287560264267798,0.04045078299493212
climate_fusion,terramind_daymet,terramind_v1_base_s2_6_prithvi_daymet_late_fusion,ebm,3,3,415,0.8479227215950619,0.0011753325056680004,13.325411872400487,0.05152527509579554,13.325411872400487,0.05152527509579554,10.298481673699671,0.017524367031657807
climate_fusion,terramind_daymet,terramind_v1_base_s2_6_prithvi_daymet_late_fusion,ebm,4,3,415,0.7732215907078074,0.00147460560750848,15.44633686738112,0.050162387806251964,15.44633686738112,0.050162387806251964,11.10067133469291,0.050502852616953385
climate_fusion,terramind_daymet,terramind_v1_base_s2_6_prithvi_daymet_late_fusion,random_forest,0,3,416,0.8073341165341441,0.0007777429280347806,15.692136822433858,0.031666542580875486,15.692136822433858,0.031666542580875486,11.713754446316761,0.02289789499033335
climate_fusion,terramind_daymet,terramind_v1_base_s2_6_prithvi_daymet_late_fusion,random_forest,1,3,415,0.8055098237541779,0.0003485045132441962,15.791331558986272,0.01414384413641608,15.791331558986272,0.01414384413641608,11.990699124403173,0.031087923170408822
climate_fusion,terramind_daymet,terramind_v1_base_s2_6_prithvi_daymet_late_fusion,random_forest,2,3,415,0.851694767463374,0.0010235880637008542,13.223263274661472,0.0456606354321578,13.223263274661472,0.0456606354321578,10.243544736201253,0.05044809979315508
climate_fusion,terramind_daymet,terramind_v1_base_s2_6_prithvi_daymet_late_fusion,random_forest,3,3,415,0.8097018500430483,0.00018404888138358626,14.906269006605775,0.0072083421229644454,14.906269006605775,0.0072083421229644454,11.511663815129914,0.005963939304481773
climate_fusion,terramind_daymet,terramind_v1_base_s2_6_prithvi_daymet_late_fusion,random_forest,4,3,415,0.7160573424194084,0.002065329109823057,17.28380650336318,0.06278780275059184,17.28380650336318,0.06278780275059184,12.707947041393458,0.017270711398383543
climate_fusion,terramind_daymet,terramind_v1_base_s2_6_prithvi_daymet_late_fusion,ridge,0,1,416,0.8650759052667751,0.0,13.131831991823955,0.0,13.131831991823955,0.0,10.095142078399656,0.0
climate_fusion,terramind_daymet,terramind_v1_base_s2_6_prithvi_daymet_late_fusion,ridge,1,1,415,0.8556270645478049,0.0,13.605452325628676,0.0,13.605452325628676,0.0,10.425537363075348,0.0
climate_fusion,terramind_daymet,terramind_v1_base_s2_6_prithvi_daymet_late_fusion,ridge,2,1,415,0.8661844168502368,0.0,12.56077228678711,0.0,12.56077228678711,0.0,9.6904151934888,0.0
climate_fusion,terramind_daymet,terramind_v1_base_s2_6_prithvi_daymet_late_fusion,ridge,3,1,415,0.8453395723327494,0.0,13.438206967150872,0.0,13.438206967150872,0.0,10.324198814300168,0.0
climate_fusion,terramind_daymet,terramind_v1_base_s2_6_prithvi_daymet_late_fusion,ridge,4,1,415,0.783728815091586,0.0,15.084338502560955,0.0,15.084338502560955,0.0,11.350863592308688,0.0
climate_fusion,terramind_daymet,terramind_v1_base_s2_6_prithvi_daymet_late_fusion,xgboost,0,3,416,0.8456748649739619,0.001906928762441899,14.043993921372069,0.0866247306508533,14.043993921372069,0.0866247306508533,10.445367154708276,0.047882633470509556
climate_fusion,terramind_daymet,terramind_v1_base_s2_6_prithvi_daymet_late_fusion,xgboost,1,3,415,0.8418109063545729,0.0029891328796159623,14.240953124828927,0.13427292984103592,14.240953124828927,0.13427292984103592,10.723237001350126,0.19085344574105834
climate_fusion,terramind_daymet,terramind_v1_base_s2_6_prithvi_daymet_late_fusion,xgboost,2,3,415,0.8862913184462401,0.001664097337751209,11.578391089056247,0.08460447942141605,11.578391089056247,0.08460447942141605,8.918601388586573,0.0652134901198973
climate_fusion,terramind_daymet,terramind_v1_base_s2_6_prithvi_daymet_late_fusion,xgboost,3,3,415,0.8448301205311987,0.0024073829432964913,13.459916953485788,0.10435917874459774,13.459916953485788,0.10435917874459774,10.165390232806224,0.034441038104974356
climate_fusion,terramind_daymet,terramind_v1_base_s2_6_prithvi_daymet_late_fusion,xgboost,4,3,415,0.7698821298441624,0.002081188065544699,15.559572441823867,0.07046757037310301,15.559572441823867,0.07046757037310301,11.287139006465312,0.05708074279008812
